10,10,0,0.994749344,1
10,10,0,0.883322034,0.818181818
10,10,0,1,1
10,10,0,0.931724403,0.818181818
10,10,0,0.883322034,0.818181818
10,10,0,0.994749344,1
10,10,0,1,1
10,10,0,1,1
10,10,0,1,1
10,10,0,1,1
20,10,0,0.809572034,0.818181818
20,10,0,0.859572034,0.818181818
20,10,0,1,1
20,10,0,0.883322034,0.818181818
20,10,0,1,1
20,10,0,0.669144069,0.666666667
20,10,0,0.883322034,0.818181818
20,10,0,0.859572034,0.818181818
20,10,0,1,1
20,10,0,0.809572034,0.818181818
30,10,0,0.883322034,0.818181818
30,10,0,1,1
30,10,0,1,1
30,10,0,0.859572034,0.818181818
30,10,0,1,1
30,10,0,0.883322034,0.818181818
30,10,0,0.936975059,0.818181818
30,10,0,0.883322034,0.818181818
30,10,0,0.809572034,0.818181818
30,10,0,0.859572034,0.818181818
40,10,0,0.936975059,0.818181818
40,10,0,0.742894069,0.666666667
40,10,0,0.859572034,0.818181818
40,10,0,0.796547093,0.666666667
40,10,0,0.669144069,0.666666667
40,10,0,0.707935735,0.666666667
40,10,0,0.809572034,0.818181818
40,10,0,0.552466103,0.538461538
40,10,0,0.809572034,0.818181818
40,10,0,0.883322034,0.818181818
50,10,0,0.742894069,0.666666667
50,10,0,0.991854938,1
50,10,0,0.669144069,0.666666667
50,10,0,0.669144069,0.666666667
50,10,0,0.859572034,0.818181818
50,10,0,0.552466103,0.538461538
50,10,0,0.809572034,0.818181818
50,10,0,0.898363701,0.818181818
50,10,0,0.746547093,0.666666667
50,10,0,0.742894069,0.666666667
60,10,0,0.450829804,0.428571429
60,10,0,0.883322034,0.818181818
60,10,0,0.781685735,0.666666667
60,10,0,0.859572034,0.818181818
60,10,0,0.692894069,0.666666667
60,10,0,0.883322034,0.818181818
60,10,0,0.742894069,0.666666667
60,10,0,0.859572034,0.818181818
60,10,0,0.742894069,0.666666667
60,10,0,0.552466103,0.538461538
70,10,0,0.925276228,0.818181818
70,10,0,0.859572034,0.818181818
70,10,0,0.450829804,0.428571429
70,10,0,0.64125777,0.538461538
70,10,0,0.56750777,0.538461538
70,10,0,0.56750777,0.538461538
70,10,0,0.809572034,0.818181818
70,10,0,0.820297093,0.666666667
70,10,0,0.64125777,0.538461538
70,10,0,0.450829804,0.428571429
80,10,0,0.59125777,0.538461538
80,10,0,0.64125777,0.538461538
80,10,0,0.606119128,0.538461538
80,10,0,0.450829804,0.428571429
80,10,0,0.552466103,0.538461538
80,10,0,0.552466103,0.538461538
80,10,0,0.742894069,0.666666667
80,10,0,0.450829804,0.428571429
80,10,0,0.59125777,0.538461538
80,10,0,0.64125777,0.538461538
90,10,0,0.461546992,0.428571429
90,10,0,0.450829804,0.428571429
90,10,0,0.450829804,0.428571429
90,10,0,0.651974957,0.538461538
90,10,0,0.461546992,0.428571429
90,10,0,0.450829804,0.428571429
90,10,0,0.56750777,0.538461538
90,10,0,0.469692054,0.428571429
90,10,0,0.450829804,0.428571429
90,10,0,0.59125777,0.538461538
10,10,1,0.994749344,1
10,10,1,0.883322034,0.818181818
10,10,1,1,1
10,10,1,0.931724403,0.818181818
10,10,1,0.883322034,0.818181818
10,10,1,0.994749344,1
10,10,1,1,1
10,10,1,1,1
10,10,1,1,1
10,10,1,1,1
20,10,1,0.809572034,0.818181818
20,10,1,0.859572034,0.818181818
20,10,1,1,1
20,10,1,0.883322034,0.818181818
20,10,1,1,1
20,10,1,0.669144069,0.666666667
20,10,1,0.883322034,0.818181818
20,10,1,0.859572034,0.818181818
20,10,1,1,1
20,10,1,0.809572034,0.818181818
30,10,1,0.883322034,0.818181818
30,10,1,1,1
30,10,1,1,1
30,10,1,0.859572034,0.818181818
30,10,1,1,1
30,10,1,0.883322034,0.818181818
30,10,1,0.936975059,0.818181818
30,10,1,0.883322034,0.818181818
30,10,1,0.809572034,0.818181818
30,10,1,0.859572034,0.818181818
40,10,1,0.936975059,0.818181818
40,10,1,0.742894069,0.666666667
40,10,1,0.859572034,0.818181818
40,10,1,0.796547093,0.666666667
40,10,1,0.669144069,0.666666667
40,10,1,0.707935735,0.666666667
40,10,1,0.809572034,0.818181818
40,10,1,0.552466103,0.538461538
40,10,1,0.809572034,0.818181818
40,10,1,0.883322034,0.818181818
50,10,1,0.742894069,0.666666667
50,10,1,0.991854938,1
50,10,1,0.669144069,0.666666667
50,10,1,0.669144069,0.666666667
50,10,1,0.859572034,0.818181818
50,10,1,0.552466103,0.538461538
50,10,1,0.809572034,0.818181818
50,10,1,0.898363701,0.818181818
50,10,1,0.746547093,0.666666667
50,10,1,0.742894069,0.666666667
60,10,1,0.450829804,0.428571429
60,10,1,0.883322034,0.818181818
60,10,1,0.781685735,0.666666667
60,10,1,0.859572034,0.818181818
60,10,1,0.692894069,0.666666667
60,10,1,0.883322034,0.818181818
60,10,1,0.742894069,0.666666667
60,10,1,0.859572034,0.818181818
60,10,1,0.742894069,0.666666667
60,10,1,0.552466103,0.538461538
70,10,1,0.925276228,0.818181818
70,10,1,0.859572034,0.818181818
70,10,1,0.450829804,0.428571429
70,10,1,0.64125777,0.538461538
70,10,1,0.56750777,0.538461538
70,10,1,0.56750777,0.538461538
70,10,1,0.809572034,0.818181818
70,10,1,0.820297093,0.666666667
70,10,1,0.64125777,0.538461538
70,10,1,0.450829804,0.428571429
80,10,1,0.59125777,0.538461538
80,10,1,0.64125777,0.538461538
80,10,1,0.606119128,0.538461538
80,10,1,0.450829804,0.428571429
80,10,1,0.552466103,0.538461538
80,10,1,0.552466103,0.538461538
80,10,1,0.742894069,0.666666667
80,10,1,0.450829804,0.428571429
80,10,1,0.59125777,0.538461538
80,10,1,0.64125777,0.538461538
90,10,1,0.461546992,0.428571429
90,10,1,0.450829804,0.428571429
90,10,1,0.450829804,0.428571429
90,10,1,0.651974957,0.538461538
90,10,1,0.461546992,0.428571429
90,10,1,0.450829804,0.428571429
90,10,1,0.56750777,0.538461538
90,10,1,0.469692054,0.428571429
90,10,1,0.450829804,0.428571429
90,10,1,0.59125777,0.538461538
10,10,2,0.994749344,1
10,10,2,0.883322034,0.818181818
10,10,2,1,1
10,10,2,0.931724403,0.818181818
10,10,2,0.883322034,0.818181818
10,10,2,0.994749344,1
10,10,2,1,1
10,10,2,1,1
10,10,2,1,1
10,10,2,1,1
20,10,2,0.809572034,0.818181818
20,10,2,0.859572034,0.818181818
20,10,2,1,1
20,10,2,0.883322034,0.818181818
20,10,2,1,1
20,10,2,0.669144069,0.666666667
20,10,2,0.883322034,0.818181818
20,10,2,0.859572034,0.818181818
20,10,2,1,1
20,10,2,0.809572034,0.818181818
30,10,2,0.883322034,0.818181818
30,10,2,1,1
30,10,2,1,1
30,10,2,0.859572034,0.818181818
30,10,2,1,1
30,10,2,0.883322034,0.818181818
30,10,2,0.936975059,0.818181818
30,10,2,0.883322034,0.818181818
30,10,2,0.809572034,0.818181818
30,10,2,0.859572034,0.818181818
40,10,2,0.936975059,0.818181818
40,10,2,0.742894069,0.666666667
40,10,2,0.859572034,0.818181818
40,10,2,0.796547093,0.666666667
40,10,2,0.669144069,0.666666667
40,10,2,0.707935735,0.666666667
40,10,2,0.809572034,0.818181818
40,10,2,0.552466103,0.538461538
40,10,2,0.809572034,0.818181818
40,10,2,0.883322034,0.818181818
50,10,2,0.742894069,0.666666667
50,10,2,0.991854938,1
50,10,2,0.669144069,0.666666667
50,10,2,0.669144069,0.666666667
50,10,2,0.859572034,0.818181818
50,10,2,0.552466103,0.538461538
50,10,2,0.809572034,0.818181818
50,10,2,0.898363701,0.818181818
50,10,2,0.746547093,0.666666667
50,10,2,0.742894069,0.666666667
60,10,2,0.450829804,0.428571429
60,10,2,0.883322034,0.818181818
60,10,2,0.781685735,0.666666667
60,10,2,0.859572034,0.818181818
60,10,2,0.692894069,0.666666667
60,10,2,0.883322034,0.818181818
60,10,2,0.742894069,0.666666667
60,10,2,0.859572034,0.818181818
60,10,2,0.742894069,0.666666667
60,10,2,0.552466103,0.538461538
70,10,2,0.925276228,0.818181818
70,10,2,0.859572034,0.818181818
70,10,2,0.450829804,0.428571429
70,10,2,0.64125777,0.538461538
70,10,2,0.56750777,0.538461538
70,10,2,0.56750777,0.538461538
70,10,2,0.809572034,0.818181818
70,10,2,0.820297093,0.666666667
70,10,2,0.64125777,0.538461538
70,10,2,0.450829804,0.428571429
80,10,2,0.59125777,0.538461538
80,10,2,0.64125777,0.538461538
80,10,2,0.606119128,0.538461538
80,10,2,0.450829804,0.428571429
80,10,2,0.552466103,0.538461538
80,10,2,0.552466103,0.538461538
80,10,2,0.742894069,0.666666667
80,10,2,0.450829804,0.428571429
80,10,2,0.59125777,0.538461538
80,10,2,0.64125777,0.538461538
90,10,2,0.461546992,0.428571429
90,10,2,0.450829804,0.428571429
90,10,2,0.450829804,0.428571429
90,10,2,0.651974957,0.538461538
90,10,2,0.461546992,0.428571429
90,10,2,0.450829804,0.428571429
90,10,2,0.56750777,0.538461538
90,10,2,0.469692054,0.428571429
90,10,2,0.450829804,0.428571429
90,10,2,0.59125777,0.538461538
10,10,3,0.994749344,1
10,10,3,0.883322034,0.818181818
10,10,3,1,1
10,10,3,0.931724403,0.818181818
10,10,3,0.883322034,0.818181818
10,10,3,0.994749344,1
10,10,3,1,1
10,10,3,1,1
10,10,3,1,1
10,10,3,1,1
20,10,3,0.809572034,0.818181818
20,10,3,0.859572034,0.818181818
20,10,3,1,1
20,10,3,0.883322034,0.818181818
20,10,3,1,1
20,10,3,0.669144069,0.666666667
20,10,3,0.883322034,0.818181818
20,10,3,0.859572034,0.818181818
20,10,3,1,1
20,10,3,0.809572034,0.818181818
30,10,3,0.883322034,0.818181818
30,10,3,1,1
30,10,3,1,1
30,10,3,0.859572034,0.818181818
30,10,3,1,1
30,10,3,0.883322034,0.818181818
30,10,3,0.936975059,0.818181818
30,10,3,0.883322034,0.818181818
30,10,3,0.809572034,0.818181818
30,10,3,0.859572034,0.818181818
40,10,3,0.936975059,0.818181818
40,10,3,0.742894069,0.666666667
40,10,3,0.859572034,0.818181818
40,10,3,0.796547093,0.666666667
40,10,3,0.669144069,0.666666667
40,10,3,0.707935735,0.666666667
40,10,3,0.809572034,0.818181818
40,10,3,0.552466103,0.538461538
40,10,3,0.809572034,0.818181818
40,10,3,0.883322034,0.818181818
50,10,3,0.742894069,0.666666667
50,10,3,0.991854938,1
50,10,3,0.669144069,0.666666667
50,10,3,0.669144069,0.666666667
50,10,3,0.859572034,0.818181818
50,10,3,0.552466103,0.538461538
50,10,3,0.809572034,0.818181818
50,10,3,0.898363701,0.818181818
50,10,3,0.746547093,0.666666667
50,10,3,0.742894069,0.666666667
60,10,3,0.450829804,0.428571429
60,10,3,0.883322034,0.818181818
60,10,3,0.781685735,0.666666667
60,10,3,0.859572034,0.818181818
60,10,3,0.692894069,0.666666667
60,10,3,0.883322034,0.818181818
60,10,3,0.742894069,0.666666667
60,10,3,0.859572034,0.818181818
60,10,3,0.742894069,0.666666667
60,10,3,0.552466103,0.538461538
70,10,3,0.925276228,0.818181818
70,10,3,0.859572034,0.818181818
70,10,3,0.450829804,0.428571429
70,10,3,0.64125777,0.538461538
70,10,3,0.56750777,0.538461538
70,10,3,0.56750777,0.538461538
70,10,3,0.809572034,0.818181818
70,10,3,0.820297093,0.666666667
70,10,3,0.64125777,0.538461538
70,10,3,0.450829804,0.428571429
80,10,3,0.59125777,0.538461538
80,10,3,0.64125777,0.538461538
80,10,3,0.606119128,0.538461538
80,10,3,0.450829804,0.428571429
80,10,3,0.552466103,0.538461538
80,10,3,0.552466103,0.538461538
80,10,3,0.742894069,0.666666667
80,10,3,0.450829804,0.428571429
80,10,3,0.59125777,0.538461538
80,10,3,0.64125777,0.538461538
90,10,3,0.461546992,0.428571429
90,10,3,0.450829804,0.428571429
90,10,3,0.450829804,0.428571429
90,10,3,0.651974957,0.538461538
90,10,3,0.461546992,0.428571429
90,10,3,0.450829804,0.428571429
90,10,3,0.56750777,0.538461538
90,10,3,0.469692054,0.428571429
90,10,3,0.450829804,0.428571429
90,10,3,0.59125777,0.538461538
10,15,0,0.992379343,1
10,15,0,0.901680858,0.875
10,15,0,1,1
10,15,0,0.989228096,1
10,15,0,0.901680858,0.875
10,15,0,0.992379343,1
10,15,0,1,1
10,15,0,0.99763,1
10,15,0,1,1
10,15,0,0.99763,1
20,15,0,0.827930858,0.875
20,15,0,0.877930858,0.875
20,15,0,0.99763,1
20,15,0,0.901680858,0.875
20,15,0,1,1
20,15,0,0.705861717,0.764705882
20,15,0,0.901680858,0.875
20,15,0,0.877930858,0.875
20,15,0,0.99763,1
20,15,0,0.827930858,0.875
30,15,0,0.901680858,0.875
30,15,0,1,1
30,15,0,1,1
30,15,0,0.877930858,0.875
30,15,0,1,1
30,15,0,0.901680858,0.875
30,15,0,0.996848753,1
30,15,0,0.901680858,0.875
30,15,0,0.827930858,0.875
30,15,0,0.877930858,0.875
40,15,0,0.994478753,1
40,15,0,0.779611717,0.764705882
40,15,0,0.877930858,0.875
40,15,0,0.87205808,0.875
40,15,0,0.705861717,0.764705882
40,15,0,0.744653384,0.764705882
40,15,0,0.827930858,0.875
40,15,0,0.607542575,0.666666667
40,15,0,0.827930858,0.875
40,15,0,0.901680858,0.875
50,15,0,0.779611717,0.764705882
50,15,0,0.990021573,1
50,15,0,0.705861717,0.764705882
50,15,0,0.705861717,0.764705882
50,15,0,0.877930858,0.875
50,15,0,0.607542575,0.666666667
50,15,0,0.827930858,0.875
50,15,0,0.916722525,0.875
50,15,0,0.82205808,0.875
50,15,0,0.779611717,0.764705882
60,15,0,0.524265101,0.578947368
60,15,0,0.901680858,0.875
60,15,0,0.818403384,0.764705882
60,15,0,0.877930858,0.875
60,15,0,0.729611717,0.764705882
60,15,0,0.901680858,0.875
60,15,0,0.779611717,0.764705882
60,15,0,0.877930858,0.875
60,15,0,0.779611717,0.764705882
60,15,0,0.607542575,0.666666667
70,15,0,0.98005839,1
70,15,0,0.877930858,0.875
70,15,0,0.524265101,0.578947368
70,15,0,0.696334242,0.666666667
70,15,0,0.622584242,0.666666667
70,15,0,0.622584242,0.666666667
70,15,0,0.827930858,0.875
70,15,0,0.89580808,0.875
70,15,0,0.696334242,0.666666667
70,15,0,0.524265101,0.578947368
80,15,0,0.646334242,0.666666667
80,15,0,0.696334242,0.666666667
80,15,0,0.70271047,0.764705882
80,15,0,0.524265101,0.578947368
80,15,0,0.607542575,0.666666667
80,15,0,0.607542575,0.666666667
80,15,0,0.779611717,0.764705882
80,15,0,0.524265101,0.578947368
80,15,0,0.646334242,0.666666667
80,15,0,0.696334242,0.666666667
90,15,0,0.534982288,0.578947368
90,15,0,0.524265101,0.578947368
90,15,0,0.524265101,0.578947368
90,15,0,0.70705143,0.666666667
90,15,0,0.534982288,0.578947368
90,15,0,0.524265101,0.578947368
90,15,0,0.622584242,0.666666667
90,15,0,0.543127351,0.578947368
90,15,0,0.524265101,0.578947368
90,15,0,0.646334242,0.666666667
10,15,1,0.992379343,1
10,15,1,0.901680858,0.875
10,15,1,1,1
10,15,1,0.989228096,1
10,15,1,0.901680858,0.875
10,15,1,0.992379343,1
10,15,1,1,1
10,15,1,0.99763,1
10,15,1,1,1
10,15,1,0.99763,1
20,15,1,0.827930858,0.875
20,15,1,0.877930858,0.875
20,15,1,0.99763,1
20,15,1,0.901680858,0.875
20,15,1,1,1
20,15,1,0.705861717,0.764705882
20,15,1,0.901680858,0.875
20,15,1,0.877930858,0.875
20,15,1,0.99763,1
20,15,1,0.827930858,0.875
30,15,1,0.901680858,0.875
30,15,1,1,1
30,15,1,1,1
30,15,1,0.877930858,0.875
30,15,1,1,1
30,15,1,0.901680858,0.875
30,15,1,0.996848753,1
30,15,1,0.901680858,0.875
30,15,1,0.827930858,0.875
30,15,1,0.877930858,0.875
40,15,1,0.994478753,1
40,15,1,0.779611717,0.764705882
40,15,1,0.877930858,0.875
40,15,1,0.87205808,0.875
40,15,1,0.705861717,0.764705882
40,15,1,0.744653384,0.764705882
40,15,1,0.827930858,0.875
40,15,1,0.607542575,0.666666667
40,15,1,0.827930858,0.875
40,15,1,0.901680858,0.875
50,15,1,0.779611717,0.764705882
50,15,1,0.990021573,1
50,15,1,0.705861717,0.764705882
50,15,1,0.705861717,0.764705882
50,15,1,0.877930858,0.875
50,15,1,0.607542575,0.666666667
50,15,1,0.827930858,0.875
50,15,1,0.916722525,0.875
50,15,1,0.82205808,0.875
50,15,1,0.779611717,0.764705882
60,15,1,0.524265101,0.578947368
60,15,1,0.901680858,0.875
60,15,1,0.818403384,0.764705882
60,15,1,0.877930858,0.875
60,15,1,0.729611717,0.764705882
60,15,1,0.901680858,0.875
60,15,1,0.779611717,0.764705882
60,15,1,0.877930858,0.875
60,15,1,0.779611717,0.764705882
60,15,1,0.607542575,0.666666667
70,15,1,0.98005839,1
70,15,1,0.877930858,0.875
70,15,1,0.524265101,0.578947368
70,15,1,0.696334242,0.666666667
70,15,1,0.622584242,0.666666667
70,15,1,0.622584242,0.666666667
70,15,1,0.827930858,0.875
70,15,1,0.89580808,0.875
70,15,1,0.696334242,0.666666667
70,15,1,0.524265101,0.578947368
80,15,1,0.646334242,0.666666667
80,15,1,0.696334242,0.666666667
80,15,1,0.70271047,0.764705882
80,15,1,0.524265101,0.578947368
80,15,1,0.607542575,0.666666667
80,15,1,0.607542575,0.666666667
80,15,1,0.779611717,0.764705882
80,15,1,0.524265101,0.578947368
80,15,1,0.646334242,0.666666667
80,15,1,0.696334242,0.666666667
90,15,1,0.534982288,0.578947368
90,15,1,0.524265101,0.578947368
90,15,1,0.524265101,0.578947368
90,15,1,0.70705143,0.666666667
90,15,1,0.534982288,0.578947368
90,15,1,0.524265101,0.578947368
90,15,1,0.622584242,0.666666667
90,15,1,0.543127351,0.578947368
90,15,1,0.524265101,0.578947368
90,15,1,0.646334242,0.666666667
10,15,2,0.992379343,1
10,15,2,0.901680858,0.875
10,15,2,1,1
10,15,2,0.989228096,1
10,15,2,0.901680858,0.875
10,15,2,0.992379343,1
10,15,2,1,1
10,15,2,0.99763,1
10,15,2,1,1
10,15,2,0.99763,1
20,15,2,0.827930858,0.875
20,15,2,0.877930858,0.875
20,15,2,0.99763,1
20,15,2,0.901680858,0.875
20,15,2,1,1
20,15,2,0.705861717,0.764705882
20,15,2,0.901680858,0.875
20,15,2,0.877930858,0.875
20,15,2,0.99763,1
20,15,2,0.827930858,0.875
30,15,2,0.901680858,0.875
30,15,2,1,1
30,15,2,1,1
30,15,2,0.877930858,0.875
30,15,2,1,1
30,15,2,0.901680858,0.875
30,15,2,0.996848753,1
30,15,2,0.901680858,0.875
30,15,2,0.827930858,0.875
30,15,2,0.877930858,0.875
40,15,2,0.994478753,1
40,15,2,0.779611717,0.764705882
40,15,2,0.877930858,0.875
40,15,2,0.87205808,0.875
40,15,2,0.705861717,0.764705882
40,15,2,0.744653384,0.764705882
40,15,2,0.827930858,0.875
40,15,2,0.607542575,0.666666667
40,15,2,0.827930858,0.875
40,15,2,0.901680858,0.875
50,15,2,0.779611717,0.764705882
50,15,2,0.990021573,1
50,15,2,0.705861717,0.764705882
50,15,2,0.705861717,0.764705882
50,15,2,0.877930858,0.875
50,15,2,0.607542575,0.666666667
50,15,2,0.827930858,0.875
50,15,2,0.916722525,0.875
50,15,2,0.82205808,0.875
50,15,2,0.779611717,0.764705882
60,15,2,0.524265101,0.578947368
60,15,2,0.901680858,0.875
60,15,2,0.818403384,0.764705882
60,15,2,0.877930858,0.875
60,15,2,0.729611717,0.764705882
60,15,2,0.901680858,0.875
60,15,2,0.779611717,0.764705882
60,15,2,0.877930858,0.875
60,15,2,0.779611717,0.764705882
60,15,2,0.607542575,0.666666667
70,15,2,0.98005839,1
70,15,2,0.877930858,0.875
70,15,2,0.524265101,0.578947368
70,15,2,0.696334242,0.666666667
70,15,2,0.622584242,0.666666667
70,15,2,0.622584242,0.666666667
70,15,2,0.827930858,0.875
70,15,2,0.89580808,0.875
70,15,2,0.696334242,0.666666667
70,15,2,0.524265101,0.578947368
80,15,2,0.646334242,0.666666667
80,15,2,0.696334242,0.666666667
80,15,2,0.70271047,0.764705882
80,15,2,0.524265101,0.578947368
80,15,2,0.607542575,0.666666667
80,15,2,0.607542575,0.666666667
80,15,2,0.779611717,0.764705882
80,15,2,0.524265101,0.578947368
80,15,2,0.646334242,0.666666667
80,15,2,0.696334242,0.666666667
90,15,2,0.534982288,0.578947368
90,15,2,0.524265101,0.578947368
90,15,2,0.524265101,0.578947368
90,15,2,0.70705143,0.666666667
90,15,2,0.534982288,0.578947368
90,15,2,0.524265101,0.578947368
90,15,2,0.622584242,0.666666667
90,15,2,0.543127351,0.578947368
90,15,2,0.524265101,0.578947368
90,15,2,0.646334242,0.666666667
10,15,3,0.992379343,1
10,15,3,0.901680858,0.875
10,15,3,1,1
10,15,3,0.989228096,1
10,15,3,0.901680858,0.875
10,15,3,0.992379343,1
10,15,3,1,1
10,15,3,0.99763,1
10,15,3,1,1
10,15,3,0.99763,1
20,15,3,0.827930858,0.875
20,15,3,0.877930858,0.875
20,15,3,0.99763,1
20,15,3,0.901680858,0.875
20,15,3,1,1
20,15,3,0.705861717,0.764705882
20,15,3,0.901680858,0.875
20,15,3,0.877930858,0.875
20,15,3,0.99763,1
20,15,3,0.827930858,0.875
30,15,3,0.901680858,0.875
30,15,3,1,1
30,15,3,1,1
30,15,3,0.877930858,0.875
30,15,3,1,1
30,15,3,0.901680858,0.875
30,15,3,0.996848753,1
30,15,3,0.901680858,0.875
30,15,3,0.827930858,0.875
30,15,3,0.877930858,0.875
40,15,3,0.994478753,1
40,15,3,0.779611717,0.764705882
40,15,3,0.877930858,0.875
40,15,3,0.87205808,0.875
40,15,3,0.705861717,0.764705882
40,15,3,0.744653384,0.764705882
40,15,3,0.827930858,0.875
40,15,3,0.607542575,0.666666667
40,15,3,0.827930858,0.875
40,15,3,0.901680858,0.875
50,15,3,0.779611717,0.764705882
50,15,3,0.990021573,1
50,15,3,0.705861717,0.764705882
50,15,3,0.705861717,0.764705882
50,15,3,0.877930858,0.875
50,15,3,0.607542575,0.666666667
50,15,3,0.827930858,0.875
50,15,3,0.916722525,0.875
50,15,3,0.82205808,0.875
50,15,3,0.779611717,0.764705882
60,15,3,0.524265101,0.578947368
60,15,3,0.901680858,0.875
60,15,3,0.818403384,0.764705882
60,15,3,0.877930858,0.875
60,15,3,0.729611717,0.764705882
60,15,3,0.901680858,0.875
60,15,3,0.779611717,0.764705882
60,15,3,0.877930858,0.875
60,15,3,0.779611717,0.764705882
60,15,3,0.607542575,0.666666667
70,15,3,0.98005839,1
70,15,3,0.877930858,0.875
70,15,3,0.524265101,0.578947368
70,15,3,0.696334242,0.666666667
70,15,3,0.622584242,0.666666667
70,15,3,0.622584242,0.666666667
70,15,3,0.827930858,0.875
70,15,3,0.89580808,0.875
70,15,3,0.696334242,0.666666667
70,15,3,0.524265101,0.578947368
80,15,3,0.646334242,0.666666667
80,15,3,0.696334242,0.666666667
80,15,3,0.70271047,0.764705882
80,15,3,0.524265101,0.578947368
80,15,3,0.607542575,0.666666667
80,15,3,0.607542575,0.666666667
80,15,3,0.779611717,0.764705882
80,15,3,0.524265101,0.578947368
80,15,3,0.646334242,0.666666667
80,15,3,0.696334242,0.666666667
90,15,3,0.534982288,0.578947368
90,15,3,0.524265101,0.578947368
90,15,3,0.524265101,0.578947368
90,15,3,0.70705143,0.666666667
90,15,3,0.534982288,0.578947368
90,15,3,0.524265101,0.578947368
90,15,3,0.622584242,0.666666667
90,15,3,0.543127351,0.578947368
90,15,3,0.524265101,0.578947368
90,15,3,0.646334242,0.666666667
10,20,0,0.992379343,1
10,20,0,0.908750239,0.904761905
10,20,0,1,1
10,20,0,0.989228096,1
10,20,0,0.908750239,0.904761905
10,20,0,0.992379343,1
10,20,0,1,1
10,20,0,0.99763,1
10,20,0,1,1
10,20,0,0.99763,1
20,20,0,0.835000239,0.904761905
20,20,0,0.885000239,0.904761905
20,20,0,0.99763,1
20,20,0,0.908750239,0.904761905
20,20,0,1,1
20,20,0,0.720000478,0.818181818
20,20,0,0.908750239,0.904761905
20,20,0,0.885000239,0.904761905
20,20,0,0.99763,1
20,20,0,0.835000239,0.904761905
30,20,0,0.908750239,0.904761905
30,20,0,1,1
30,20,0,1,1
30,20,0,0.885000239,0.904761905
30,20,0,1,1
30,20,0,0.908750239,0.904761905
30,20,0,0.996848753,1
30,20,0,0.908750239,0.904761905
30,20,0,0.835000239,0.904761905
30,20,0,0.885000239,0.904761905
40,20,0,0.994478753,1
40,20,0,0.793750478,0.818181818
40,20,0,0.885000239,0.904761905
40,20,0,0.87912746,0.904761905
40,20,0,0.720000478,0.818181818
40,20,0,0.758792144,0.818181818
40,20,0,0.835000239,0.904761905
40,20,0,0.628750717,0.739130435
40,20,0,0.835000239,0.904761905
40,20,0,0.908750239,0.904761905
50,20,0,0.793750478,0.818181818
50,20,0,0.988976272,1
50,20,0,0.720000478,0.818181818
50,20,0,0.720000478,0.818181818
50,20,0,0.885000239,0.904761905
50,20,0,0.628750717,0.739130435
50,20,0,0.835000239,0.904761905
50,20,0,0.923791906,0.904761905
50,20,0,0.82912746,0.904761905
50,20,0,0.793750478,0.818181818
60,20,0,0.552542622,0.666666667
60,20,0,0.908750239,0.904761905
60,20,0,0.832542144,0.818181818
60,20,0,0.885000239,0.904761905
60,20,0,0.743750478,0.818181818
60,20,0,0.908750239,0.904761905
60,20,0,0.793750478,0.818181818
60,20,0,0.885000239,0.904761905
60,20,0,0.793750478,0.818181818
60,20,0,0.628750717,0.739130435
70,20,0,0.979013089,1
70,20,0,0.885000239,0.904761905
70,20,0,0.552542622,0.666666667
70,20,0,0.717542383,0.739130435
70,20,0,0.643792383,0.739130435
70,20,0,0.643792383,0.739130435
70,20,0,0.835000239,0.904761905
70,20,0,0.90287746,0.904761905
70,20,0,0.717542383,0.739130435
70,20,0,0.552542622,0.666666667
80,20,0,0.667542383,0.739130435
80,20,0,0.717542383,0.739130435
80,20,0,0.716849231,0.818181818
80,20,0,0.552542622,0.666666667
80,20,0,0.628750717,0.739130435
80,20,0,0.628750717,0.739130435
80,20,0,0.793750478,0.818181818
80,20,0,0.552542622,0.666666667
80,20,0,0.667542383,0.739130435
80,20,0,0.717542383,0.739130435
90,20,0,0.56325981,0.666666667
90,20,0,0.552542622,0.666666667
90,20,0,0.552542622,0.666666667
90,20,0,0.728259571,0.739130435
90,20,0,0.56325981,0.666666667
90,20,0,0.552542622,0.666666667
90,20,0,0.643792383,0.739130435
90,20,0,0.571404872,0.666666667
90,20,0,0.552542622,0.666666667
90,20,0,0.667542383,0.739130435
10,20,1,0.992379343,1
10,20,1,0.908750239,0.904761905
10,20,1,1,1
10,20,1,0.989228096,1
10,20,1,0.908750239,0.904761905
10,20,1,0.992379343,1
10,20,1,1,1
10,20,1,0.99763,1
10,20,1,1,1
10,20,1,0.99763,1
20,20,1,0.835000239,0.904761905
20,20,1,0.885000239,0.904761905
20,20,1,0.99763,1
20,20,1,0.908750239,0.904761905
20,20,1,1,1
20,20,1,0.720000478,0.818181818
20,20,1,0.908750239,0.904761905
20,20,1,0.885000239,0.904761905
20,20,1,0.99763,1
20,20,1,0.835000239,0.904761905
30,20,1,0.908750239,0.904761905
30,20,1,1,1
30,20,1,1,1
30,20,1,0.885000239,0.904761905
30,20,1,1,1
30,20,1,0.908750239,0.904761905
30,20,1,0.996848753,1
30,20,1,0.908750239,0.904761905
30,20,1,0.835000239,0.904761905
30,20,1,0.885000239,0.904761905
40,20,1,0.994478753,1
40,20,1,0.793750478,0.818181818
40,20,1,0.885000239,0.904761905
40,20,1,0.87912746,0.904761905
40,20,1,0.720000478,0.818181818
40,20,1,0.758792144,0.818181818
40,20,1,0.835000239,0.904761905
40,20,1,0.628750717,0.739130435
40,20,1,0.835000239,0.904761905
40,20,1,0.908750239,0.904761905
50,20,1,0.793750478,0.818181818
50,20,1,0.988976272,1
50,20,1,0.720000478,0.818181818
50,20,1,0.720000478,0.818181818
50,20,1,0.885000239,0.904761905
50,20,1,0.628750717,0.739130435
50,20,1,0.835000239,0.904761905
50,20,1,0.923791906,0.904761905
50,20,1,0.82912746,0.904761905
50,20,1,0.793750478,0.818181818
60,20,1,0.552542622,0.666666667
60,20,1,0.908750239,0.904761905
60,20,1,0.832542144,0.818181818
60,20,1,0.885000239,0.904761905
60,20,1,0.743750478,0.818181818
60,20,1,0.908750239,0.904761905
60,20,1,0.793750478,0.818181818
60,20,1,0.885000239,0.904761905
60,20,1,0.793750478,0.818181818
60,20,1,0.628750717,0.739130435
70,20,1,0.979013089,1
70,20,1,0.885000239,0.904761905
70,20,1,0.552542622,0.666666667
70,20,1,0.717542383,0.739130435
70,20,1,0.643792383,0.739130435
70,20,1,0.643792383,0.739130435
70,20,1,0.835000239,0.904761905
70,20,1,0.90287746,0.904761905
70,20,1,0.717542383,0.739130435
70,20,1,0.552542622,0.666666667
80,20,1,0.667542383,0.739130435
80,20,1,0.717542383,0.739130435
80,20,1,0.716849231,0.818181818
80,20,1,0.552542622,0.666666667
80,20,1,0.628750717,0.739130435
80,20,1,0.628750717,0.739130435
80,20,1,0.793750478,0.818181818
80,20,1,0.552542622,0.666666667
80,20,1,0.667542383,0.739130435
80,20,1,0.717542383,0.739130435
90,20,1,0.56325981,0.666666667
90,20,1,0.552542622,0.666666667
90,20,1,0.552542622,0.666666667
90,20,1,0.728259571,0.739130435
90,20,1,0.56325981,0.666666667
90,20,1,0.552542622,0.666666667
90,20,1,0.643792383,0.739130435
90,20,1,0.571404872,0.666666667
90,20,1,0.552542622,0.666666667
90,20,1,0.667542383,0.739130435
10,20,2,0.992379343,1
10,20,2,0.908750239,0.904761905
10,20,2,1,1
10,20,2,0.989228096,1
10,20,2,0.908750239,0.904761905
10,20,2,0.992379343,1
10,20,2,1,1
10,20,2,0.99763,1
10,20,2,1,1
10,20,2,0.99763,1
20,20,2,0.835000239,0.904761905
20,20,2,0.885000239,0.904761905
20,20,2,0.99763,1
20,20,2,0.908750239,0.904761905
20,20,2,1,1
20,20,2,0.720000478,0.818181818
20,20,2,0.908750239,0.904761905
20,20,2,0.885000239,0.904761905
20,20,2,0.99763,1
20,20,2,0.835000239,0.904761905
30,20,2,0.908750239,0.904761905
30,20,2,1,1
30,20,2,1,1
30,20,2,0.885000239,0.904761905
30,20,2,1,1
30,20,2,0.908750239,0.904761905
30,20,2,0.996848753,1
30,20,2,0.908750239,0.904761905
30,20,2,0.835000239,0.904761905
30,20,2,0.885000239,0.904761905
40,20,2,0.994478753,1
40,20,2,0.793750478,0.818181818
40,20,2,0.885000239,0.904761905
40,20,2,0.87912746,0.904761905
40,20,2,0.720000478,0.818181818
40,20,2,0.758792144,0.818181818
40,20,2,0.835000239,0.904761905
40,20,2,0.628750717,0.739130435
40,20,2,0.835000239,0.904761905
40,20,2,0.908750239,0.904761905
50,20,2,0.793750478,0.818181818
50,20,2,0.988976272,1
50,20,2,0.720000478,0.818181818
50,20,2,0.720000478,0.818181818
50,20,2,0.885000239,0.904761905
50,20,2,0.628750717,0.739130435
50,20,2,0.835000239,0.904761905
50,20,2,0.923791906,0.904761905
50,20,2,0.82912746,0.904761905
50,20,2,0.793750478,0.818181818
60,20,2,0.552542622,0.666666667
60,20,2,0.908750239,0.904761905
60,20,2,0.832542144,0.818181818
60,20,2,0.885000239,0.904761905
60,20,2,0.743750478,0.818181818
60,20,2,0.908750239,0.904761905
60,20,2,0.793750478,0.818181818
60,20,2,0.885000239,0.904761905
60,20,2,0.793750478,0.818181818
60,20,2,0.628750717,0.739130435
70,20,2,0.979013089,1
70,20,2,0.885000239,0.904761905
70,20,2,0.552542622,0.666666667
70,20,2,0.717542383,0.739130435
70,20,2,0.643792383,0.739130435
70,20,2,0.643792383,0.739130435
70,20,2,0.835000239,0.904761905
70,20,2,0.90287746,0.904761905
70,20,2,0.717542383,0.739130435
70,20,2,0.552542622,0.666666667
80,20,2,0.667542383,0.739130435
80,20,2,0.717542383,0.739130435
80,20,2,0.716849231,0.818181818
80,20,2,0.552542622,0.666666667
80,20,2,0.628750717,0.739130435
80,20,2,0.628750717,0.739130435
80,20,2,0.793750478,0.818181818
80,20,2,0.552542622,0.666666667
80,20,2,0.667542383,0.739130435
80,20,2,0.717542383,0.739130435
90,20,2,0.56325981,0.666666667
90,20,2,0.552542622,0.666666667
90,20,2,0.552542622,0.666666667
90,20,2,0.728259571,0.739130435
90,20,2,0.56325981,0.666666667
90,20,2,0.552542622,0.666666667
90,20,2,0.643792383,0.739130435
90,20,2,0.571404872,0.666666667
90,20,2,0.552542622,0.666666667
90,20,2,0.667542383,0.739130435
10,20,3,0.992379343,1
10,20,3,0.908750239,0.904761905
10,20,3,1,1
10,20,3,0.989228096,1
10,20,3,0.908750239,0.904761905
10,20,3,0.992379343,1
10,20,3,1,1
10,20,3,0.99763,1
10,20,3,1,1
10,20,3,0.99763,1
20,20,3,0.835000239,0.904761905
20,20,3,0.885000239,0.904761905
20,20,3,0.99763,1
20,20,3,0.908750239,0.904761905
20,20,3,1,1
20,20,3,0.720000478,0.818181818
20,20,3,0.908750239,0.904761905
20,20,3,0.885000239,0.904761905
20,20,3,0.99763,1
20,20,3,0.835000239,0.904761905
30,20,3,0.908750239,0.904761905
30,20,3,1,1
30,20,3,1,1
30,20,3,0.885000239,0.904761905
30,20,3,1,1
30,20,3,0.908750239,0.904761905
30,20,3,0.996848753,1
30,20,3,0.908750239,0.904761905
30,20,3,0.835000239,0.904761905
30,20,3,0.885000239,0.904761905
40,20,3,0.994478753,1
40,20,3,0.793750478,0.818181818
40,20,3,0.885000239,0.904761905
40,20,3,0.87912746,0.904761905
40,20,3,0.720000478,0.818181818
40,20,3,0.758792144,0.818181818
40,20,3,0.835000239,0.904761905
40,20,3,0.628750717,0.739130435
40,20,3,0.835000239,0.904761905
40,20,3,0.908750239,0.904761905
50,20,3,0.793750478,0.818181818
50,20,3,0.988976272,1
50,20,3,0.720000478,0.818181818
50,20,3,0.720000478,0.818181818
50,20,3,0.885000239,0.904761905
50,20,3,0.628750717,0.739130435
50,20,3,0.835000239,0.904761905
50,20,3,0.923791906,0.904761905
50,20,3,0.82912746,0.904761905
50,20,3,0.793750478,0.818181818
60,20,3,0.552542622,0.666666667
60,20,3,0.908750239,0.904761905
60,20,3,0.832542144,0.818181818
60,20,3,0.885000239,0.904761905
60,20,3,0.743750478,0.818181818
60,20,3,0.908750239,0.904761905
60,20,3,0.793750478,0.818181818
60,20,3,0.885000239,0.904761905
60,20,3,0.793750478,0.818181818
60,20,3,0.628750717,0.739130435
70,20,3,0.979013089,1
70,20,3,0.885000239,0.904761905
70,20,3,0.552542622,0.666666667
70,20,3,0.717542383,0.739130435
70,20,3,0.643792383,0.739130435
70,20,3,0.643792383,0.739130435
70,20,3,0.835000239,0.904761905
70,20,3,0.90287746,0.904761905
70,20,3,0.717542383,0.739130435
70,20,3,0.552542622,0.666666667
80,20,3,0.667542383,0.739130435
80,20,3,0.717542383,0.739130435
80,20,3,0.716849231,0.818181818
80,20,3,0.552542622,0.666666667
80,20,3,0.628750717,0.739130435
80,20,3,0.628750717,0.739130435
80,20,3,0.793750478,0.818181818
80,20,3,0.552542622,0.666666667
80,20,3,0.667542383,0.739130435
80,20,3,0.717542383,0.739130435
90,20,3,0.56325981,0.666666667
90,20,3,0.552542622,0.666666667
90,20,3,0.552542622,0.666666667
90,20,3,0.728259571,0.739130435
90,20,3,0.56325981,0.666666667
90,20,3,0.552542622,0.666666667
90,20,3,0.643792383,0.739130435
90,20,3,0.571404872,0.666666667
90,20,3,0.552542622,0.666666667
90,20,3,0.667542383,0.739130435
10,5,0,1,1
10,5,0,0.811339896,0.666666667
10,5,0,1,1
10,5,0,1,1
10,5,0,0.811339896,0.666666667
10,5,0,1,1
10,5,0,1,1
10,5,0,1,1
10,5,0,1,1
10,5,0,1,1
20,5,0,0.737589896,0.666666667
20,5,0,0.787589896,0.666666667
20,5,0,1,1
20,5,0,0.811339896,0.666666667
20,5,0,1,1
20,5,0,0.525179792,0.428571429
20,5,0,0.811339896,0.666666667
20,5,0,0.787589896,0.666666667
20,5,0,1,1
20,5,0,0.737589896,0.666666667
30,5,0,0.811339896,0.666666667
30,5,0,1,1
30,5,0,1,1
30,5,0,0.787589896,0.666666667
30,5,0,1,1
30,5,0,0.811339896,0.666666667
30,5,0,1,1
30,5,0,0.811339896,0.666666667
30,5,0,0.737589896,0.666666667
30,5,0,0.787589896,0.666666667
40,5,0,1,1
40,5,0,0.598929792,0.428571429
40,5,0,0.787589896,0.666666667
40,5,0,0.787589896,0.666666667
40,5,0,0.525179792,0.428571429
40,5,0,0.563971458,0.428571429
40,5,0,0.737589896,0.666666667
40,5,0,0.336519688,0.25
40,5,0,0.737589896,0.666666667
40,5,0,0.811339896,0.666666667
50,5,0,0.598929792,0.428571429
50,5,0,1,1
50,5,0,0.525179792,0.428571429
50,5,0,0.525179792,0.428571429
50,5,0,0.787589896,0.666666667
50,5,0,0.336519688,0.25
50,5,0,0.737589896,0.666666667
50,5,0,0.826381563,0.666666667
50,5,0,0.737589896,0.666666667
50,5,0,0.598929792,0.428571429
60,5,0,0.16290125,0.111111111
60,5,0,0.811339896,0.666666667
60,5,0,0.637721458,0.428571429
60,5,0,0.787589896,0.666666667
60,5,0,0.548929792,0.428571429
60,5,0,0.811339896,0.666666667
60,5,0,0.598929792,0.428571429
60,5,0,0.787589896,0.666666667
60,5,0,0.598929792,0.428571429
60,5,0,0.336519688,0.25
70,5,0,1,1
70,5,0,0.787589896,0.666666667
70,5,0,0.16290125,0.111111111
70,5,0,0.425311354,0.25
70,5,0,0.351561354,0.25
70,5,0,0.351561354,0.25
70,5,0,0.737589896,0.666666667
70,5,0,0.811339896,0.666666667
70,5,0,0.425311354,0.25
70,5,0,0.16290125,0.111111111
80,5,0,0.375311354,0.25
80,5,0,0.425311354,0.25
80,5,0,0.525179792,0.428571429
80,5,0,0.16290125,0.111111111
80,5,0,0.336519688,0.25
80,5,0,0.336519688,0.25
80,5,0,0.598929792,0.428571429
80,5,0,0.16290125,0.111111111
80,5,0,0.375311354,0.25
80,5,0,0.425311354,0.25
90,5,0,0.173618438,0.111111111
90,5,0,0.16290125,0.111111111
90,5,0,0.16290125,0.111111111
90,5,0,0.436028542,0.25
90,5,0,0.173618438,0.111111111
90,5,0,0.16290125,0.111111111
90,5,0,0.351561354,0.25
90,5,0,0.336519688,0.25
90,5,0,0.16290125,0.111111111
90,5,0,0.375311354,0.25
10,5,1,1,1
10,5,1,0.811339896,0.666666667
10,5,1,1,1
10,5,1,1,1
10,5,1,0.811339896,0.666666667
10,5,1,1,1
10,5,1,1,1
10,5,1,1,1
10,5,1,1,1
10,5,1,1,1
20,5,1,0.737589896,0.666666667
20,5,1,0.787589896,0.666666667
20,5,1,1,1
20,5,1,0.811339896,0.666666667
20,5,1,1,1
20,5,1,0.525179792,0.428571429
20,5,1,0.811339896,0.666666667
20,5,1,0.787589896,0.666666667
20,5,1,1,1
20,5,1,0.737589896,0.666666667
30,5,1,0.811339896,0.666666667
30,5,1,1,1
30,5,1,1,1
30,5,1,0.787589896,0.666666667
30,5,1,1,1
30,5,1,0.811339896,0.666666667
30,5,1,1,1
30,5,1,0.811339896,0.666666667
30,5,1,0.737589896,0.666666667
30,5,1,0.787589896,0.666666667
40,5,1,1,1
40,5,1,0.598929792,0.428571429
40,5,1,0.787589896,0.666666667
40,5,1,0.787589896,0.666666667
40,5,1,0.525179792,0.428571429
40,5,1,0.563971458,0.428571429
40,5,1,0.737589896,0.666666667
40,5,1,0.336519688,0.25
40,5,1,0.737589896,0.666666667
40,5,1,0.811339896,0.666666667
50,5,1,0.598929792,0.428571429
50,5,1,0.83709875,0.666666667
50,5,1,0.525179792,0.428571429
50,5,1,0.525179792,0.428571429
50,5,1,0.787589896,0.666666667
50,5,1,0.336519688,0.25
50,5,1,0.737589896,0.666666667
50,5,1,0.826381563,0.666666667
50,5,1,0.737589896,0.666666667
50,5,1,0.598929792,0.428571429
60,5,1,0.16290125,0.111111111
60,5,1,0.811339896,0.666666667
60,5,1,0.637721458,0.428571429
60,5,1,0.787589896,0.666666667
60,5,1,0.548929792,0.428571429
60,5,1,0.811339896,0.666666667
60,5,1,0.598929792,0.428571429
60,5,1,0.787589896,0.666666667
60,5,1,0.598929792,0.428571429
60,5,1,0.336519688,0.25
70,5,1,1,1
70,5,1,0.787589896,0.666666667
70,5,1,0.16290125,0.111111111
70,5,1,0.425311354,0.25
70,5,1,0.351561354,0.25
70,5,1,0.351561354,0.25
70,5,1,0.737589896,0.666666667
70,5,1,0.811339896,0.666666667
70,5,1,0.425311354,0.25
70,5,1,0.16290125,0.111111111
80,5,1,0.375311354,0.25
80,5,1,0.425311354,0.25
80,5,1,0.525179792,0.428571429
80,5,1,0.16290125,0.111111111
80,5,1,0.336519688,0.25
80,5,1,0.336519688,0.25
80,5,1,0.598929792,0.428571429
80,5,1,0.16290125,0.111111111
80,5,1,0.375311354,0.25
80,5,1,0.425311354,0.25
90,5,1,0.173618438,0.111111111
90,5,1,0.16290125,0.111111111
90,5,1,0.16290125,0.111111111
90,5,1,0.436028542,0.25
90,5,1,0.173618438,0.111111111
90,5,1,0.16290125,0.111111111
90,5,1,0.351561354,0.25
90,5,1,0.336519688,0.25
90,5,1,0.16290125,0.111111111
90,5,1,0.375311354,0.25
10,5,2,1,1
10,5,2,0.811339896,0.666666667
10,5,2,1,1
10,5,2,1,1
10,5,2,0.811339896,0.666666667
10,5,2,1,1
10,5,2,1,1
10,5,2,1,1
10,5,2,1,1
10,5,2,1,1
20,5,2,0.737589896,0.666666667
20,5,2,0.787589896,0.666666667
20,5,2,1,1
20,5,2,0.811339896,0.666666667
20,5,2,1,1
20,5,2,0.525179792,0.428571429
20,5,2,0.811339896,0.666666667
20,5,2,0.787589896,0.666666667
20,5,2,1,1
20,5,2,0.737589896,0.666666667
30,5,2,0.811339896,0.666666667
30,5,2,1,1
30,5,2,1,1
30,5,2,0.787589896,0.666666667
30,5,2,1,1
30,5,2,0.811339896,0.666666667
30,5,2,1,1
30,5,2,0.811339896,0.666666667
30,5,2,0.737589896,0.666666667
30,5,2,0.787589896,0.666666667
40,5,2,1,1
40,5,2,0.598929792,0.428571429
40,5,2,0.787589896,0.666666667
40,5,2,0.787589896,0.666666667
40,5,2,0.525179792,0.428571429
40,5,2,0.563971458,0.428571429
40,5,2,0.737589896,0.666666667
40,5,2,0.336519688,0.25
40,5,2,0.737589896,0.666666667
40,5,2,0.811339896,0.666666667
50,5,2,0.598929792,0.428571429
50,5,2,0.83709875,0.666666667
50,5,2,0.525179792,0.428571429
50,5,2,0.525179792,0.428571429
50,5,2,0.787589896,0.666666667
50,5,2,0.336519688,0.25
50,5,2,0.737589896,0.666666667
50,5,2,0.826381563,0.666666667
50,5,2,0.737589896,0.666666667
50,5,2,0.598929792,0.428571429
60,5,2,0.16290125,0.111111111
60,5,2,0.811339896,0.666666667
60,5,2,0.637721458,0.428571429
60,5,2,0.787589896,0.666666667
60,5,2,0.548929792,0.428571429
60,5,2,0.811339896,0.666666667
60,5,2,0.598929792,0.428571429
60,5,2,0.787589896,0.666666667
60,5,2,0.598929792,0.428571429
60,5,2,0.336519688,0.25
70,5,2,1,1
70,5,2,0.787589896,0.666666667
70,5,2,0.16290125,0.111111111
70,5,2,0.425311354,0.25
70,5,2,0.351561354,0.25
70,5,2,0.351561354,0.25
70,5,2,0.737589896,0.666666667
70,5,2,0.811339896,0.666666667
70,5,2,0.425311354,0.25
70,5,2,0.16290125,0.111111111
80,5,2,0.375311354,0.25
80,5,2,0.425311354,0.25
80,5,2,0.525179792,0.428571429
80,5,2,0.16290125,0.111111111
80,5,2,0.336519688,0.25
80,5,2,0.336519688,0.25
80,5,2,0.598929792,0.428571429
80,5,2,0.16290125,0.111111111
80,5,2,0.375311354,0.25
80,5,2,0.425311354,0.25
90,5,2,0.173618438,0.111111111
90,5,2,0.16290125,0.111111111
90,5,2,0.16290125,0.111111111
90,5,2,0.436028542,0.25
90,5,2,0.173618438,0.111111111
90,5,2,0.16290125,0.111111111
90,5,2,0.351561354,0.25
90,5,2,0.336519688,0.25
90,5,2,0.16290125,0.111111111
90,5,2,0.375311354,0.25
10,5,3,1,1
10,5,3,0.811339896,0.666666667
10,5,3,1,1
10,5,3,1,1
10,5,3,0.811339896,0.666666667
10,5,3,1,1
10,5,3,1,1
10,5,3,1,1
10,5,3,1,1
10,5,3,1,1
20,5,3,0.737589896,0.666666667
20,5,3,0.787589896,0.666666667
20,5,3,1,1
20,5,3,0.811339896,0.666666667
20,5,3,1,1
20,5,3,0.525179792,0.428571429
20,5,3,0.811339896,0.666666667
20,5,3,0.787589896,0.666666667
20,5,3,1,1
20,5,3,0.737589896,0.666666667
30,5,3,0.811339896,0.666666667
30,5,3,1,1
30,5,3,1,1
30,5,3,0.787589896,0.666666667
30,5,3,1,1
30,5,3,0.811339896,0.666666667
30,5,3,1,1
30,5,3,0.811339896,0.666666667
30,5,3,0.737589896,0.666666667
30,5,3,0.787589896,0.666666667
40,5,3,1,1
40,5,3,0.598929792,0.428571429
40,5,3,0.787589896,0.666666667
40,5,3,0.787589896,0.666666667
40,5,3,0.525179792,0.428571429
40,5,3,0.563971458,0.428571429
40,5,3,0.737589896,0.666666667
40,5,3,0.336519688,0.25
40,5,3,0.737589896,0.666666667
40,5,3,0.811339896,0.666666667
50,5,3,0.598929792,0.428571429
50,5,3,0.83709875,0.666666667
50,5,3,0.525179792,0.428571429
50,5,3,0.525179792,0.428571429
50,5,3,0.787589896,0.666666667
50,5,3,0.336519688,0.25
50,5,3,0.737589896,0.666666667
50,5,3,0.826381563,0.666666667
50,5,3,0.737589896,0.666666667
50,5,3,0.598929792,0.428571429
60,5,3,0.16290125,0.111111111
60,5,3,0.811339896,0.666666667
60,5,3,0.637721458,0.428571429
60,5,3,0.787589896,0.666666667
60,5,3,0.548929792,0.428571429
60,5,3,0.811339896,0.666666667
60,5,3,0.598929792,0.428571429
60,5,3,0.787589896,0.666666667
60,5,3,0.598929792,0.428571429
60,5,3,0.336519688,0.25
70,5,3,1,1
70,5,3,0.787589896,0.666666667
70,5,3,0.16290125,0.111111111
70,5,3,0.425311354,0.25
70,5,3,0.351561354,0.25
70,5,3,0.351561354,0.25
70,5,3,0.737589896,0.666666667
70,5,3,0.811339896,0.666666667
70,5,3,0.425311354,0.25
70,5,3,0.16290125,0.111111111
80,5,3,0.375311354,0.25
80,5,3,0.425311354,0.25
80,5,3,0.525179792,0.428571429
80,5,3,0.16290125,0.111111111
80,5,3,0.336519688,0.25
80,5,3,0.336519688,0.25
80,5,3,0.598929792,0.428571429
80,5,3,0.16290125,0.111111111
80,5,3,0.375311354,0.25
80,5,3,0.425311354,0.25
90,5,3,0.173618438,0.111111111
90,5,3,0.16290125,0.111111111
90,5,3,0.16290125,0.111111111
90,5,3,0.436028542,0.25
90,5,3,0.173618438,0.111111111
90,5,3,0.16290125,0.111111111
90,5,3,0.351561354,0.25
90,5,3,0.336519688,0.25
90,5,3,0.16290125,0.111111111
90,5,3,0.375311354,0.25
