10,10,0,0.5249100660634827,0.42857142857142855
10,10,0,0.5249100660634827,0.42857142857142855
10,10,0,0.5249100660634827,0.42857142857142855
10,10,0,0.5249100660634827,0.42857142857142855
10,10,0,0.5249100660634827,0.42857142857142855
10,10,0,0.5249100660634827,0.42857142857142855
10,10,0,0.5249100660634827,0.42857142857142855
10,10,0,0.5249100660634827,0.42857142857142855
10,10,0,0.5249100660634827,0.42857142857142855
10,10,0,0.5249100660634827,0.42857142857142855
20,10,0,0.46188512509102186,0.3333333333333333
20,10,0,0.45663446872941466,0.3333333333333333
20,10,0,0.46188512509102186,0.3333333333333333
20,10,0,0.5249100660634827,0.42857142857142855
20,10,0,0.46188512509102186,0.3333333333333333
20,10,0,0.46188512509102186,0.3333333333333333
20,10,0,0.46188512509102186,0.3333333333333333
20,10,0,0.5196594097018756,0.42857142857142855
20,10,0,0.46188512509102186,0.3333333333333333
20,10,0,0.5196594097018756,0.42857142857142855
30,10,0,0.44858419156611173,0.3333333333333333
30,10,0,0.44858419156611173,0.3333333333333333
30,10,0,0.44858419156611173,0.3333333333333333
30,10,0,0.44858419156611173,0.3333333333333333
30,10,0,0.44858419156611173,0.3333333333333333
30,10,0,0.44858419156611173,0.3333333333333333
30,10,0,0.44858419156611173,0.3333333333333333
30,10,0,0.44858419156611173,0.3333333333333333
30,10,0,0.44858419156611173,0.3333333333333333
30,10,0,0.44858419156611173,0.3333333333333333
40,10,0,0.38030859423204366,0.25
40,10,0,0.38030859423204366,0.25
40,10,0,0.4433335352045046,0.3333333333333333
40,10,0,0.4433335352045046,0.3333333333333333
40,10,0,0.4164210080412016,0.3333333333333333
40,10,0,0.4164210080412016,0.3333333333333333
40,10,0,0.42010667710391864,0.3333333333333333
40,10,0,0.42010667710391864,0.3333333333333333
40,10,0,0.38030859423204366,0.25
40,10,0,0.38030859423204366,0.25
50,10,0,0.3570817361314577,0.25
50,10,0,0.3901289402212611,0.3333333333333333
50,10,0,0.35063356165229104,0.25
50,10,0,0.3570817361314577,0.25
50,10,0,0.3677989236314577,0.25
50,10,0,0.3901289402212611,0.3333333333333333
50,10,0,0.3533960670687407,0.25
50,10,0,0.3677989236314577,0.25
50,10,0,0.42010667710391864,0.3333333333333333
50,10,0,0.3901289402212611,0.3333333333333333
60,10,0,0.26407905827633926,0.17647058823529413
60,10,0,0.2969805369815476,0.25
60,10,0,0.3600054779540085,0.3333333333333333
60,10,0,0.33355217372796686,0.25
60,10,0,0.31304397592290734,0.25
60,10,0,0.28392295161711306,0.17647058823529413
60,10,0,0.29172988061994043,0.25
60,10,0,0.27867229525550596,0.17647058823529413
60,10,0,0.29172988061994043,0.25
60,10,0,0.26407905827633926,0.17647058823529413
70,10,0,0.23573645808476248,0.17647058823529413
70,10,0,0.2125095999841765,0.17647058823529413
70,10,0,0.15394405244899861,0.1111111111111111
70,10,0,0.3040120554188306,0.25
70,10,0,0.24467278350908667,0.17647058823529413
70,10,0,0.16834690901171565,0.1111111111111111
70,10,0,0.2511209579882533,0.17647058823529413
70,10,0,0.23573645808476248,0.17647058823529413
70,10,0,0.18775318377896827,0.1111111111111111
70,10,0,0.10163629897653771,0.05263157894736842
80,10,0,0.06302494097246092,0.05263157894736842
80,10,0,0.0,0.0
80,10,0,0.06671061003517793,0.05263157894736842
80,10,0,0.07632587449737102,0.05263157894736842
80,10,0,0.07107521813576388,0.05263157894736842
80,10,0,0.06302494097246092,0.05263157894736842
80,10,0,0.06302494097246092,0.05263157894736842
80,10,0,0.06302494097246092,0.05263157894736842
80,10,0,0.0,0.0
80,10,0,0.06302494097246092,0.05263157894736842
90,10,0,0.0,0.0
90,10,0,0.0,0.0
90,10,0,0.06302494097246092,0.05263157894736842
90,10,0,0.06302494097246092,0.05263157894736842
90,10,0,0.0,0.0
90,10,0,0.06302494097246092,0.05263157894736842
90,10,0,0.0,0.0
90,10,0,0.06302494097246092,0.05263157894736842
90,10,0,0.0,0.0
90,10,0,0.0,0.0
10,10,1,0.5916206760986606,0.5384615384615384
10,10,1,0.5879350070359437,0.5384615384615384
10,10,1,0.5879350070359437,0.5384615384615384
10,10,1,0.5879350070359437,0.5384615384615384
10,10,1,0.5879350070359437,0.5384615384615384
10,10,1,0.5879350070359437,0.5384615384615384
10,10,1,0.5879350070359437,0.5384615384615384
10,10,1,0.5916206760986606,0.5384615384615384
10,10,1,0.5285957351261997,0.42857142857142855
10,10,1,0.5916206760986606,0.5384615384615384
20,10,1,0.5285957351261997,0.42857142857142855
20,10,1,0.5879350070359437,0.5384615384615384
20,10,1,0.5879350070359437,0.5384615384615384
20,10,1,0.5879350070359437,0.5384615384615384
20,10,1,0.5879350070359437,0.5384615384615384
20,10,1,0.5879350070359437,0.5384615384615384
20,10,1,0.5285957351261997,0.42857142857142855
20,10,1,0.5285957351261997,0.42857142857142855
20,10,1,0.5879350070359437,0.5384615384615384
20,10,1,0.5285957351261997,0.42857142857142855
30,10,1,0.5249100660634827,0.42857142857142855
30,10,1,0.5249100660634827,0.42857142857142855
30,10,1,0.5249100660634827,0.42857142857142855
30,10,1,0.5879350070359437,0.5384615384615384
30,10,1,0.5879350070359437,0.5384615384615384
30,10,1,0.5249100660634827,0.42857142857142855
30,10,1,0.5879350070359437,0.5384615384615384
30,10,1,0.5879350070359437,0.5384615384615384
30,10,1,0.5249100660634827,0.42857142857142855
30,10,1,0.5879350070359437,0.5384615384615384
40,10,1,0.5249100660634827,0.42857142857142855
40,10,1,0.45663446872941466,0.3333333333333333
40,10,1,0.5249100660634827,0.42857142857142855
40,10,1,0.5249100660634827,0.42857142857142855
40,10,1,0.5249100660634827,0.42857142857142855
40,10,1,0.5249100660634827,0.42857142857142855
40,10,1,0.5196594097018756,0.42857142857142855
40,10,1,0.5196594097018756,0.42857142857142855
40,10,1,0.5826843506743364,0.5384615384615384
40,10,1,0.5196594097018756,0.42857142857142855
50,10,1,0.44858419156611173,0.3333333333333333
50,10,1,0.44858419156611173,0.3333333333333333
50,10,1,0.5152948016012896,0.42857142857142855
50,10,1,0.44155267312882873,0.3333333333333333
50,10,1,0.44858419156611173,0.3333333333333333
50,10,1,0.45226986062882873,0.3333333333333333
50,10,1,0.45226986062882873,0.3333333333333333
50,10,1,0.5116091325385725,0.42857142857142855
50,10,1,0.5116091325385725,0.42857142857142855
50,10,1,0.45226986062882873,0.3333333333333333
60,10,1,0.3748420630936508,0.25
60,10,1,0.4378670040661117,0.3333333333333333
60,10,1,0.4378670040661117,0.3333333333333333
60,10,1,0.4378670040661117,0.3333333333333333
60,10,1,0.44858419156611173,0.3333333333333333
60,10,1,0.44858419156611173,0.3333333333333333
60,10,1,0.44858419156611173,0.3333333333333333
60,10,1,0.3748420630936508,0.25
60,10,1,0.3855592505936508,0.25
60,10,1,0.4378670040661117,0.3333333333333333
70,10,1,0.36144634423204364,0.25
70,10,1,0.354998169752877,0.25
70,10,1,0.36959140673204366,0.25
70,10,1,0.36144634423204364,0.25
70,10,1,0.38030859423204366,0.25
70,10,1,0.36669700059365085,0.25
70,10,1,0.4244712852045045,0.3333333333333333
70,10,1,0.4244712852045045,0.3333333333333333
70,10,1,0.4297219415661117,0.3333333333333333
70,10,1,0.36144634423204364,0.25
80,10,1,0.2464135166508432,0.17647058823529413
80,10,1,0.2592660204882533,0.17647058823529413
80,10,1,0.25971445017575334,0.17647058823529413
80,10,1,0.28392295161711306,0.17647058823529413
80,10,1,0.17796217347390875,0.1111111111111111
80,10,1,0.15384926711230157,0.1111111111111111
80,10,1,0.23573645808476248,0.17647058823529413
80,10,1,0.1925554104530754,0.1111111111111111
80,10,1,0.26616262465492,0.17647058823529413
80,10,1,0.23573645808476248,0.17647058823529413
90,10,1,0.0,0.0
90,10,1,0.0,0.0
90,10,1,0.0,0.0
90,10,1,0.0,0.0
90,10,1,0.0,0.0
90,10,1,0.06302494097246092,0.05263157894736842
90,10,1,0.0,0.0
90,10,1,0.0,0.0
90,10,1,0.0,0.0
90,10,1,0.0,0.0
10,10,2,0.6281045892928665,0.42857142857142855
10,10,2,0.6244189202301494,0.42857142857142855
10,10,2,0.6244189202301494,0.42857142857142855
10,10,2,0.6244189202301494,0.42857142857142855
10,10,2,0.6244189202301494,0.42857142857142855
10,10,2,0.6244189202301494,0.42857142857142855
10,10,2,0.6244189202301494,0.42857142857142855
10,10,2,0.6281045892928665,0.42857142857142855
10,10,2,0.6281045892928665,0.42857142857142855
10,10,2,0.6281045892928665,0.42857142857142855
20,10,2,0.6281045892928665,0.42857142857142855
20,10,2,0.6244189202301494,0.42857142857142855
20,10,2,0.6244189202301494,0.42857142857142855
20,10,2,0.6244189202301494,0.42857142857142855
20,10,2,0.6244189202301494,0.42857142857142855
20,10,2,0.6244189202301494,0.42857142857142855
20,10,2,0.6281045892928665,0.42857142857142855
20,10,2,0.6281045892928665,0.42857142857142855
20,10,2,0.6244189202301494,0.42857142857142855
20,10,2,0.6281045892928665,0.42857142857142855
30,10,2,0.5613939792576885,0.3333333333333333
30,10,2,0.5613939792576885,0.3333333333333333
30,10,2,0.6244189202301494,0.42857142857142855
30,10,2,0.6244189202301494,0.42857142857142855
30,10,2,0.6244189202301494,0.42857142857142855
30,10,2,0.5613939792576885,0.3333333333333333
30,10,2,0.6244189202301494,0.42857142857142855
30,10,2,0.6244189202301494,0.42857142857142855
30,10,2,0.5613939792576885,0.3333333333333333
30,10,2,0.6244189202301494,0.42857142857142855
40,10,2,0.5613939792576885,0.3333333333333333
40,10,2,0.5561433228960815,0.3333333333333333
40,10,2,0.5613939792576885,0.3333333333333333
40,10,2,0.5613939792576885,0.3333333333333333
40,10,2,0.6244189202301494,0.42857142857142855
40,10,2,0.5613939792576885,0.3333333333333333
40,10,2,0.6191682638685423,0.42857142857142855
40,10,2,0.6191682638685423,0.42857142857142855
40,10,2,0.6191682638685423,0.42857142857142855
40,10,2,0.6191682638685423,0.42857142857142855
50,10,2,0.5480930457327785,0.3333333333333333
50,10,2,0.4850681047603176,0.25
50,10,2,0.5561433228960815,0.3333333333333333
50,10,2,0.5454261353960814,0.3333333333333333
50,10,2,0.5517787147954955,0.3333333333333333
50,10,2,0.5517787147954955,0.3333333333333333
50,10,2,0.6191682638685423,0.42857142857142855
50,10,2,0.5480930457327785,0.3333333333333333
50,10,2,0.5480930457327785,0.3333333333333333
50,10,2,0.5517787147954955,0.3333333333333333
60,10,2,0.5410615272954955,0.3333333333333333
60,10,2,0.5410615272954955,0.3333333333333333
60,10,2,0.5410615272954955,0.3333333333333333
60,10,2,0.5373758582327784,0.3333333333333333
60,10,2,0.5480930457327785,0.3333333333333333
60,10,2,0.5517787147954955,0.3333333333333333
60,10,2,0.5561433228960815,0.3333333333333333
60,10,2,0.5373758582327784,0.3333333333333333
60,10,2,0.4850681047603176,0.25
60,10,2,0.5373758582327784,0.3333333333333333
70,10,2,0.46095519839871046,0.25
70,10,2,0.4545070239195438,0.25
70,10,2,0.5321252018711713,0.3333333333333333
70,10,2,0.4662058547603176,0.25
70,10,2,0.47981744839871043,0.25
70,10,2,0.5329164647954955,0.3333333333333333
70,10,2,0.5373758582327784,0.3333333333333333
70,10,2,0.5373758582327784,0.3333333333333333
70,10,2,0.4873758582327784,0.3333333333333333
70,10,2,0.4662058547603176,0.25
80,10,2,0.43506810476031754,0.25
80,10,2,0.36135074915229104,0.25
80,10,2,0.4850681047603176,0.25
80,10,2,0.43506810476031754,0.25
80,10,2,0.4850681047603176,0.25
80,10,2,0.4162058547603176,0.25
80,10,2,0.4006009172603175,0.25
80,10,2,0.4662058547603176,0.25
80,10,2,0.4109551983987104,0.25
80,10,2,0.35241442372796694,0.25
90,10,2,0.15909992347390872,0.1111111111111111
90,10,2,0.28991262465492,0.17647058823529413
90,10,2,0.07632587449737102,0.05263157894736842
90,10,2,0.1341001591082248,0.1111111111111111
90,10,2,0.06671061003517793,0.05263157894736842
90,10,2,0.3781811494221727,0.17647058823529413
90,10,2,0.15384926711230157,0.1111111111111111
90,10,2,0.15384926711230157,0.1111111111111111
90,10,2,0.1925554104530754,0.1111111111111111
90,10,2,0.06302494097246092,0.05263157894736842
10,10,3,0.6281045892928665,0.42857142857142855
10,10,3,0.6244189202301494,0.42857142857142855
10,10,3,0.6244189202301494,0.42857142857142855
10,10,3,0.6244189202301494,0.42857142857142855
10,10,3,0.6244189202301494,0.42857142857142855
10,10,3,0.6244189202301494,0.42857142857142855
10,10,3,0.6244189202301494,0.42857142857142855
10,10,3,0.6281045892928665,0.42857142857142855
10,10,3,0.6281045892928665,0.42857142857142855
10,10,3,0.6281045892928665,0.42857142857142855
20,10,3,0.6281045892928665,0.42857142857142855
20,10,3,0.6244189202301494,0.42857142857142855
20,10,3,0.6244189202301494,0.42857142857142855
20,10,3,0.6244189202301494,0.42857142857142855
20,10,3,0.6244189202301494,0.42857142857142855
20,10,3,0.6244189202301494,0.42857142857142855
20,10,3,0.6281045892928665,0.42857142857142855
20,10,3,0.6281045892928665,0.42857142857142855
20,10,3,0.6244189202301494,0.42857142857142855
20,10,3,0.6281045892928665,0.42857142857142855
30,10,3,0.5613939792576885,0.3333333333333333
30,10,3,0.5613939792576885,0.3333333333333333
30,10,3,0.6244189202301494,0.42857142857142855
30,10,3,0.6244189202301494,0.42857142857142855
30,10,3,0.6244189202301494,0.42857142857142855
30,10,3,0.5613939792576885,0.3333333333333333
30,10,3,0.6244189202301494,0.42857142857142855
30,10,3,0.6244189202301494,0.42857142857142855
30,10,3,0.5613939792576885,0.3333333333333333
30,10,3,0.6244189202301494,0.42857142857142855
40,10,3,0.5613939792576885,0.3333333333333333
40,10,3,0.5561433228960815,0.3333333333333333
40,10,3,0.5613939792576885,0.3333333333333333
40,10,3,0.5613939792576885,0.3333333333333333
40,10,3,0.6244189202301494,0.42857142857142855
40,10,3,0.5613939792576885,0.3333333333333333
40,10,3,0.6191682638685423,0.42857142857142855
40,10,3,0.6191682638685423,0.42857142857142855
40,10,3,0.6191682638685423,0.42857142857142855
40,10,3,0.6191682638685423,0.42857142857142855
50,10,3,0.5480930457327785,0.3333333333333333
50,10,3,0.5480930457327785,0.3333333333333333
50,10,3,0.5561433228960815,0.3333333333333333
50,10,3,0.5454261353960814,0.3333333333333333
50,10,3,0.5517787147954955,0.3333333333333333
50,10,3,0.5561433228960815,0.3333333333333333
50,10,3,0.6191682638685423,0.42857142857142855
50,10,3,0.5517787147954955,0.3333333333333333
50,10,3,0.5517787147954955,0.3333333333333333
50,10,3,0.5561433228960815,0.3333333333333333
60,10,3,0.5410615272954955,0.3333333333333333
60,10,3,0.5454261353960814,0.3333333333333333
60,10,3,0.5454261353960814,0.3333333333333333
60,10,3,0.5410615272954955,0.3333333333333333
60,10,3,0.5480930457327785,0.3333333333333333
60,10,3,0.5561433228960815,0.3333333333333333
60,10,3,0.5561433228960815,0.3333333333333333
60,10,3,0.5454261353960814,0.3333333333333333
60,10,3,0.5480930457327785,0.3333333333333333
60,10,3,0.5410615272954955,0.3333333333333333
70,10,3,0.4743509172603176,0.25
70,10,3,0.4743509172603176,0.25
70,10,3,0.6191682638685423,0.42857142857142855
70,10,3,0.5373758582327784,0.3333333333333333
70,10,3,0.5480930457327785,0.3333333333333333
70,10,3,0.5506767917576885,0.3333333333333333
70,10,3,0.5373758582327784,0.3333333333333333
70,10,3,0.5373758582327784,0.3333333333333333
70,10,3,0.4873758582327784,0.3333333333333333
70,10,3,0.5373758582327784,0.3333333333333333
80,10,3,0.4980930457327784,0.3333333333333333
80,10,3,0.4743509172603176,0.25
80,10,3,0.4850681047603176,0.25
80,10,3,0.43506810476031754,0.25
80,10,3,0.4850681047603176,0.25
80,10,3,0.4743509172603176,0.25
80,10,3,0.43506810476031754,0.25
80,10,3,0.4662058547603176,0.25
80,10,3,0.4850681047603176,0.25
80,10,3,0.5410615272954955,0.3333333333333333
90,10,3,0.2555803514255363,0.17647058823529413
90,10,3,0.4464567467562408,0.25
90,10,3,0.2474352889255363,0.17647058823529413
90,10,3,0.26363062858883923,0.17647058823529413
90,10,3,0.26407905827633926,0.17647058823529413
90,10,3,0.45659059029812454,0.25
90,10,3,0.2333559312864088,0.1111111111111111
90,10,3,0.18441034795307543,0.1111111111111111
90,10,3,0.4097576802811509,0.25
90,10,3,0.338354400402074,0.25
10,15,0,0.4995322452129921,0.36363636363636365
10,15,0,0.49584657615027505,0.36363636363636365
10,15,0,0.49584657615027505,0.36363636363636365
10,15,0,0.49584657615027505,0.36363636363636365
10,15,0,0.49584657615027505,0.36363636363636365
10,15,0,0.49584657615027505,0.36363636363636365
10,15,0,0.49584657615027505,0.36363636363636365
10,15,0,0.5320439104873607,0.42857142857142855
10,15,0,0.496380998164369,0.36363636363636365
10,15,0,0.4995322452129921,0.36363636363636365
20,15,0,0.496380998164369,0.36363636363636365
20,15,0,0.49193490353766234,0.36363636363636365
20,15,0,0.49584657615027505,0.36363636363636365
20,15,0,0.49376826812080343,0.36363636363636365
20,15,0,0.49376826812080343,0.36363636363636365
20,15,0,0.49584657615027505,0.36363636363636365
20,15,0,0.496380998164369,0.36363636363636365
20,15,0,0.496380998164369,0.36363636363636365
20,15,0,0.49584657615027505,0.36363636363636365
20,15,0,0.49365946662237636,0.36363636363636365
30,15,0,0.4887836564890393,0.36363636363636365
30,15,0,0.4887836564890393,0.36363636363636365
30,15,0,0.45627199121467066,0.30434782608695654
30,15,0,0.49193490353766234,0.36363636363636365
30,15,0,0.4594232382632937,0.30434782608695654
30,15,0,0.4887836564890393,0.36363636363636365
30,15,0,0.49193490353766234,0.36363636363636365
30,15,0,0.49193490353766234,0.36363636363636365
30,15,0,0.4887836564890393,0.36363636363636365
30,15,0,0.49193490353766234,0.36363636363636365
40,15,0,0.4511804592881927,0.30434782608695654
40,15,0,0.43560871592201295,0.30434782608695654
40,15,0,0.4511804592881927,0.30434782608695654
40,15,0,0.4511804592881927,0.30434782608695654
40,15,0,0.44139600808496426,0.30434782608695654
40,15,0,0.44910215125872105,0.30434782608695654
40,15,0,0.4356924162353839,0.30434782608695654
40,15,0,0.4400570243359699,0.30434782608695654
40,15,0,0.44514855626244776,0.30434782608695654
40,15,0,0.43797871630649815,0.30434782608695654
50,15,0,0.39321340890120027,0.25
50,15,0,0.39006216185257725,0.25
50,15,0,0.40145618787630116,0.25
50,15,0,0.37726666632310557,0.25
50,15,0,0.39243216223706245,0.25
50,15,0,0.3861504892399644,0.25
50,15,0,0.3861504892399644,0.25
50,15,0,0.3983049408276781,0.25
50,15,0,0.39558340928568547,0.25
50,15,0,0.35363882396559576,0.2
60,15,0,0.3357517965096462,0.2
60,15,0,0.3357517965096462,0.2
60,15,0,0.3357517965096462,0.2
60,15,0,0.38249622140120026,0.25
60,15,0,0.34121832764803905,0.2
60,15,0,0.37817830133636465,0.25
60,15,0,0.37898064928401487,0.25
60,15,0,0.330501140148039,0.2
60,15,0,0.3121239541521365,0.15384615384615385
60,15,0,0.330501140148039,0.2
70,15,0,0.27036134909943665,0.15384615384615385
70,15,0,0.2735125961480597,0.15384615384615385
70,15,0,0.31875410889869304,0.2
70,15,0,0.2836464396899434,0.15384615384615385
70,15,0,0.29882302062722643,0.15384615384615385
70,15,0,0.27719826521077673,0.15384615384615385
70,15,0,0.31230593441952637,0.2
70,15,0,0.30785762600556943,0.2
70,15,0,0.33267716465261166,0.2
70,15,0,0.2836464396899434,0.15384615384615385
80,15,0,0.17145750966180218,0.1111111111111111
80,15,0,0.14527867606532713,0.1111111111111111
80,15,0,0.1817785966663748,0.1111111111111111
80,15,0,0.21108615232378425,0.1111111111111111
80,15,0,0.12479234467961842,0.07142857142857142
80,15,0,0.17456029302391862,0.15384615384615385
80,15,0,0.1731441306044178,0.1111111111111111
80,15,0,0.13052733775315156,0.07142857142857142
80,15,0,0.17750873870500372,0.1111111111111111
80,15,0,0.10898362525314051,0.07142857142857142
90,15,0,0.0,0.0
90,15,0,0.0,0.0
90,15,0,0.07901114671959206,0.07142857142857142
90,15,0,0.0,0.0
90,15,0,0.0,0.0
90,15,0,0.07901114671959206,0.07142857142857142
90,15,0,0.0,0.0
90,15,0,0.0,0.0
90,15,0,0.0,0.0
90,15,0,0.0,0.0
10,15,1,0.655821650953295,0.5
10,15,1,0.6521359818905781,0.5
10,15,1,0.6196243166162094,0.42857142857142855
10,15,1,0.6521359818905781,0.5
10,15,1,0.6196243166162094,0.42857142857142855
10,15,1,0.6521359818905781,0.5
10,15,1,0.6521359818905781,0.5
10,15,1,0.655821650953295,0.5
10,15,1,0.655821650953295,0.5
10,15,1,0.655821650953295,0.5
20,15,1,0.6233099856789265,0.42857142857142855
20,15,1,0.6196243166162094,0.42857142857142855
20,15,1,0.6196243166162094,0.42857142857142855
20,15,1,0.6196243166162094,0.42857142857142855
20,15,1,0.6196243166162094,0.42857142857142855
20,15,1,0.6196243166162094,0.42857142857142855
20,15,1,0.6233099856789265,0.42857142857142855
20,15,1,0.6233099856789265,0.42857142857142855
20,15,1,0.6521359818905781,0.5
20,15,1,0.6233099856789265,0.42857142857142855
30,15,1,0.6164730695675864,0.42857142857142855
30,15,1,0.6164730695675864,0.42857142857142855
30,15,1,0.6196243166162094,0.42857142857142855
30,15,1,0.6196243166162094,0.42857142857142855
30,15,1,0.6196243166162094,0.42857142857142855
30,15,1,0.6164730695675864,0.42857142857142855
30,15,1,0.6196243166162094,0.42857142857142855
30,15,1,0.6196243166162094,0.42857142857142855
30,15,1,0.6164730695675864,0.42857142857142855
30,15,1,0.6196243166162094,0.42857142857142855
40,15,1,0.580049731680605,0.36363636363636365
40,15,1,0.6073107405933664,0.42857142857142855
40,15,1,0.5839614042932177,0.36363636363636365
40,15,1,0.6143947615381147,0.42857142857142855
40,15,1,0.6175460085867377,0.42857142857142855
40,15,1,0.6098398654129811,0.42857142857142855
40,15,1,0.6143736602546023,0.42857142857142855
40,15,1,0.6122953522251307,0.42857142857142855
40,15,1,0.6143736602546023,0.42857142857142855
40,15,1,0.6122953522251307,0.42857142857142855
50,15,1,0.596538931888071,0.42857142857142855
50,15,1,0.5585060191805941,0.36363636363636365
50,15,1,0.6085008816639866,0.42857142857142855
50,15,1,0.5938720215513739,0.42857142857142855
50,15,1,0.6047794970759217,0.42857142857142855
50,15,1,0.6002246009507879,0.42857142857142855
50,15,1,0.6122953522251307,0.42857142857142855
50,15,1,0.5658606311968434,0.36363636363636365
50,15,1,0.5941689315035857,0.42857142857142855
50,15,1,0.5653429352919341,0.36363636363636365
60,15,1,0.5895074134507879,0.42857142857142855
60,15,1,0.5546257477919341,0.36363636363636365
60,15,1,0.5200357744880938,0.30434782608695654
60,15,1,0.5184284134548485,0.30434782608695654
60,15,1,0.5640272666137024,0.36363636363636365
60,15,1,0.5352012704020507,0.30434782608695654
60,15,1,0.576632439902139,0.36363636363636365
60,15,1,0.5509400787292171,0.36363636363636365
60,15,1,0.5608760195650793,0.36363636363636365
60,15,1,0.5163501054253767,0.30434782608695654
70,15,1,0.4907999349760559,0.30434782608695654
70,15,1,0.4154167573355392,0.2
70,15,1,0.5131777570932413,0.30434782608695654
70,15,1,0.5050537958767537,0.30434782608695654
70,15,1,0.5135738575886687,0.30434782608695654
70,15,1,0.5444023772624624,0.36363636363636365
70,15,1,0.5533100791137023,0.36363636363636365
70,15,1,0.556031610655695,0.36363636363636365
70,15,1,0.5033100791137023,0.36363636363636365
70,15,1,0.5023322643347611,0.30434782608695654
80,15,1,0.4739160458767536,0.30434782608695654
80,15,1,0.28791545271077673,0.15384615384615385
80,15,1,0.4847711764477796,0.25
80,15,1,0.43447948409276593,0.25
80,15,1,0.4784895034506816,0.25
80,15,1,0.3791938962057846,0.2
80,15,1,0.39610062398015317,0.25
80,15,1,0.46353892606329433,0.25
80,15,1,0.37186493181470576,0.2
80,15,1,0.352117495415429,0.25
90,15,1,0.12238227525315155,0.07142857142857142
90,15,1,0.23483615232378427,0.1111111111111111
90,15,1,0.09948192020045174,0.07142857142857142
90,15,1,0.12989417616183627,0.1111111111111111
90,15,1,0.12356846208324741,0.1111111111111111
90,15,1,0.3646195469044963,0.15384615384615385
90,15,1,0.11713161889154441,0.07142857142857142
90,15,1,0.11713161889154441,0.07142857142857142
90,15,1,0.23377596993275895,0.15384615384615385
90,15,1,0.07717778213645098,0.07142857142857142
10,15,2,0.655821650953295,0.5
10,15,2,0.6521359818905781,0.5
10,15,2,0.6196243166162094,0.42857142857142855
10,15,2,0.6521359818905781,0.5
10,15,2,0.6196243166162094,0.42857142857142855
10,15,2,0.6521359818905781,0.5
10,15,2,0.6521359818905781,0.5
10,15,2,0.655821650953295,0.5
10,15,2,0.655821650953295,0.5
10,15,2,0.655821650953295,0.5
20,15,2,0.6233099856789265,0.42857142857142855
20,15,2,0.6196243166162094,0.42857142857142855
20,15,2,0.6196243166162094,0.42857142857142855
20,15,2,0.6196243166162094,0.42857142857142855
20,15,2,0.6196243166162094,0.42857142857142855
20,15,2,0.6196243166162094,0.42857142857142855
20,15,2,0.6233099856789265,0.42857142857142855
20,15,2,0.6233099856789265,0.42857142857142855
20,15,2,0.6521359818905781,0.5
20,15,2,0.6233099856789265,0.42857142857142855
30,15,2,0.6164730695675864,0.42857142857142855
30,15,2,0.6164730695675864,0.42857142857142855
30,15,2,0.6196243166162094,0.42857142857142855
30,15,2,0.6196243166162094,0.42857142857142855
30,15,2,0.6196243166162094,0.42857142857142855
30,15,2,0.6164730695675864,0.42857142857142855
30,15,2,0.6196243166162094,0.42857142857142855
30,15,2,0.6196243166162094,0.42857142857142855
30,15,2,0.6164730695675864,0.42857142857142855
30,15,2,0.6196243166162094,0.42857142857142855
40,15,2,0.6125613969549737,0.42857142857142855
40,15,2,0.6091441051765076,0.42857142857142855
40,15,2,0.6164730695675864,0.42857142857142855
40,15,2,0.6164730695675864,0.42857142857142855
40,15,2,0.6196243166162094,0.42857142857142855
40,15,2,0.6116732299961221,0.42857142857142855
40,15,2,0.6143736602546023,0.42857142857142855
40,15,2,0.6143736602546023,0.42857142857142855
40,15,2,0.6143736602546023,0.42857142857142855
40,15,2,0.6122953522251307,0.42857142857142855
50,15,2,0.596538931888071,0.42857142857142855
50,15,2,0.598372296471212,0.42857142857142855
50,15,2,0.6085008816639866,0.42857142857142855
50,15,2,0.5938720215513739,0.42857142857142855
50,15,2,0.6047794970759217,0.42857142857142855
50,15,2,0.6091441051765076,0.42857142857142855
50,15,2,0.6122953522251307,0.42857142857142855
50,15,2,0.5743461398310247,0.36363636363636365
50,15,2,0.6020579655339291,0.42857142857142855
50,15,2,0.5720775437770053,0.36363636363636365
60,15,2,0.5895074134507879,0.42857142857142855
60,15,2,0.5938720215513739,0.42857142857142855
60,15,2,0.5631937208601463,0.36363636363636365
60,15,2,0.5588291127595604,0.36363636363636365
60,15,2,0.5640272666137024,0.36363636363636365
60,15,2,0.5747990753189979,0.36363636363636365
60,15,2,0.576632439902139,0.36363636363636365
60,15,2,0.5965935530933665,0.42857142857142855
60,15,2,0.5992604634300636,0.42857142857142855
60,15,2,0.5922289449927806,0.42857142857142855
70,15,2,0.5176471667907107,0.30434782608695654
70,15,2,0.5512317710842306,0.36363636363636365
70,15,2,0.5779503223676209,0.36363636363636365
70,15,2,0.556031610655695,0.36363636363636365
70,15,2,0.5992604634300636,0.42857142857142855
70,15,2,0.5666110126386124,0.36363636363636365
70,15,2,0.5533100791137023,0.36363636363636365
70,15,2,0.556031610655695,0.36363636363636365
70,15,2,0.5033100791137023,0.36363636363636365
70,15,2,0.5924549485426762,0.42857142857142855
80,15,2,0.5140272666137022,0.36363636363636365
80,15,2,0.5450673001386014,0.36363636363636365
80,15,2,0.48957101601924397,0.25
80,15,2,0.4720826812936125,0.30434782608695654
80,15,2,0.51936114975162,0.30434782608695654
80,15,2,0.5062739618671347,0.30434782608695654
80,15,2,0.5013361792246444,0.36363636363636365
80,15,2,0.49996226395027576,0.30434782608695654
80,15,2,0.5239160458767538,0.30434782608695654
80,15,2,0.5525474397624623,0.36363636363636365
90,15,2,0.23431301042437022,0.1111111111111111
90,15,2,0.37302145031472655,0.15384615384615385
90,15,2,0.23387368640785988,0.15384615384615385
90,15,2,0.2473474945291702,0.15384615384615385
90,15,2,0.20900258594520355,0.1111111111111111
90,15,2,0.44817862440534745,0.25
90,15,2,0.32338121217886484,0.2
90,15,2,0.2523649841434761,0.15384615384615385
90,15,2,0.3873389587057846,0.2
90,15,2,0.2649191039605597,0.15384615384615385
10,15,3,0.655821650953295,0.5
10,15,3,0.6521359818905781,0.5
10,15,3,0.6196243166162094,0.42857142857142855
10,15,3,0.6521359818905781,0.5
10,15,3,0.6196243166162094,0.42857142857142855
10,15,3,0.6521359818905781,0.5
10,15,3,0.6521359818905781,0.5
10,15,3,0.655821650953295,0.5
10,15,3,0.655821650953295,0.5
10,15,3,0.655821650953295,0.5
20,15,3,0.6233099856789265,0.42857142857142855
20,15,3,0.6196243166162094,0.42857142857142855
20,15,3,0.6196243166162094,0.42857142857142855
20,15,3,0.6196243166162094,0.42857142857142855
20,15,3,0.6196243166162094,0.42857142857142855
20,15,3,0.6196243166162094,0.42857142857142855
20,15,3,0.6233099856789265,0.42857142857142855
20,15,3,0.6233099856789265,0.42857142857142855
20,15,3,0.6521359818905781,0.5
20,15,3,0.6233099856789265,0.42857142857142855
30,15,3,0.6164730695675864,0.42857142857142855
30,15,3,0.6164730695675864,0.42857142857142855
30,15,3,0.6196243166162094,0.42857142857142855
30,15,3,0.6196243166162094,0.42857142857142855
30,15,3,0.6196243166162094,0.42857142857142855
30,15,3,0.6164730695675864,0.42857142857142855
30,15,3,0.6196243166162094,0.42857142857142855
30,15,3,0.6196243166162094,0.42857142857142855
30,15,3,0.6164730695675864,0.42857142857142855
30,15,3,0.6196243166162094,0.42857142857142855
40,15,3,0.6125613969549737,0.42857142857142855
40,15,3,0.6091441051765076,0.42857142857142855
40,15,3,0.6164730695675864,0.42857142857142855
40,15,3,0.6164730695675864,0.42857142857142855
40,15,3,0.6196243166162094,0.42857142857142855
40,15,3,0.6116732299961221,0.42857142857142855
40,15,3,0.6143736602546023,0.42857142857142855
40,15,3,0.6143736602546023,0.42857142857142855
40,15,3,0.6143736602546023,0.42857142857142855
40,15,3,0.6122953522251307,0.42857142857142855
50,15,3,0.596538931888071,0.42857142857142855
50,15,3,0.598372296471212,0.42857142857142855
50,15,3,0.6085008816639866,0.42857142857142855
50,15,3,0.5938720215513739,0.42857142857142855
50,15,3,0.6047794970759217,0.42857142857142855
50,15,3,0.6091441051765076,0.42857142857142855
50,15,3,0.6122953522251307,0.42857142857142855
50,15,3,0.5743461398310247,0.36363636363636365
50,15,3,0.6020579655339291,0.42857142857142855
50,15,3,0.5720775437770053,0.36363636363636365
60,15,3,0.5895074134507879,0.42857142857142855
60,15,3,0.5938720215513739,0.42857142857142855
60,15,3,0.5631937208601463,0.36363636363636365
60,15,3,0.5588291127595604,0.36363636363636365
60,15,3,0.5640272666137024,0.36363636363636365
60,15,3,0.5747990753189979,0.36363636363636365
60,15,3,0.576632439902139,0.36363636363636365
60,15,3,0.5965935530933665,0.42857142857142855
60,15,3,0.5992604634300636,0.42857142857142855
60,15,3,0.5922289449927806,0.42857142857142855
70,15,3,0.5501588320650793,0.36363636363636365
70,15,3,0.561550644301553,0.36363636363636365
70,15,3,0.5779503223676209,0.36363636363636365
70,15,3,0.556031610655695,0.36363636363636365
70,15,3,0.5992604634300636,0.42857142857142855
70,15,3,0.600956042496122,0.42857142857142855
70,15,3,0.5858217443880709,0.42857142857142855
70,15,3,0.556031610655695,0.36363636363636365
70,15,3,0.5033100791137023,0.36363636363636365
70,15,3,0.5924549485426762,0.42857142857142855
80,15,3,0.5140272666137022,0.36363636363636365
80,15,3,0.5826704973394479,0.42857142857142855
80,15,3,0.48957101601924397,0.25
80,15,3,0.4720826812936125,0.30434782608695654
80,15,3,0.5628371255430821,0.36363636363636365
80,15,3,0.5104773268347611,0.30434782608695654
80,15,3,0.5013361792246444,0.36363636363636365
80,15,3,0.49996226395027576,0.30434782608695654
80,15,3,0.5291456009548485,0.30434782608695654
80,15,3,0.5525474397624623,0.36363636363636365
90,15,3,0.30256837774527,0.15384615384615385
90,15,3,0.37302145031472655,0.15384615384615385
90,15,3,0.42919389620578463,0.2
90,15,3,0.39414447359317184,0.2
90,15,3,0.40877035496431213,0.2
90,15,3,0.4971116328929148,0.30434782608695654
90,15,3,0.3336164801722361,0.2
90,15,3,0.339833392752398,0.2
90,15,3,0.41985062398015327,0.25
90,15,3,0.29743076923492834,0.2
10,20,0,0.5560566504930763,0.48148148148148145
10,20,0,0.5324580004655459,0.42857142857142855
10,20,0,0.5507453981666408,0.48148148148148145
10,20,0,0.5523709814303592,0.48148148148148145
10,20,0,0.5492976130723916,0.48148148148148145
10,20,0,0.5513256805923114,0.48148148148148145
10,20,0,0.5523709814303592,0.48148148148148145
10,20,0,0.5550113496550283,0.48148148148148145
10,20,0,0.5694332925312535,0.5384615384615384
10,20,0,0.5738790297817936,0.5384615384615384
20,20,0,0.5452854978328638,0.48148148148148145
20,20,0,0.5447510758187699,0.48148148148148145
20,20,0,0.5457963766568178,0.48148148148148145
20,20,0,0.5269286965300525,0.42857142857142855
20,20,0,0.5269286965300525,0.42857142857142855
20,20,0,0.5269286965300525,0.42857142857142855
20,20,0,0.5274631185441464,0.42857142857142855
20,20,0,0.5274631185441464,0.42857142857142855
20,20,0,0.5324580004655459,0.42857142857142855
20,20,0,0.5224017959621888,0.42857142857142855
30,20,0,0.5214376584414645,0.42857142857142855
30,20,0,0.5227321486433815,0.42857142857142855
30,20,0,0.5236444046551213,0.42857142857142855
30,20,0,0.5070157155652392,0.3793103448275862
30,20,0,0.5070157155652392,0.3793103448275862
30,20,0,0.503864468516616,0.3793103448275862
30,20,0,0.5070157155652392,0.3793103448275862
30,20,0,0.5445018864549009,0.48148148148148145
30,20,0,0.5214376584414645,0.42857142857142855
30,20,0,0.5258833956920045,0.42857142857142855
40,20,0,0.5157471076728011,0.42857142857142855
40,20,0,0.499496853041286,0.42857142857142855
40,20,0,0.5116233002628426,0.42857142857142855
40,20,0,0.5116655888315569,0.42857142857142855
40,20,0,0.5039479261464737,0.42857142857142855
40,20,0,0.4956056810982923,0.3793103448275862
40,20,0,0.49307655627867775,0.3793103448275862
40,20,0,0.490620620701152,0.3793103448275862
40,20,0,0.506064943102999,0.42857142857142855
40,20,0,0.48685378832111137,0.3793103448275862
50,20,0,0.4678442476186203,0.3793103448275862
50,20,0,0.4877572285834336,0.42857142857142855
50,20,0,0.47717424966225763,0.3793103448275862
50,20,0,0.4556352620618189,0.3793103448275862
50,20,0,0.47033733355091756,0.3793103448275862
50,20,0,0.4695922029668994,0.3793103448275862
50,20,0,0.48845988309366484,0.42857142857142855
50,20,0,0.468825898808358,0.3793103448275862
50,20,0,0.49106177052438904,0.42857142857142855
50,20,0,0.4664755351096309,0.3793103448275862
60,20,0,0.41694594986888905,0.3333333333333333
60,20,0,0.4088796317468564,0.2903225806451613
60,20,0,0.4047609625508407,0.2903225806451613
60,20,0,0.41018248082028536,0.2903225806451613
60,20,0,0.4214301838299974,0.2903225806451613
60,20,0,0.4408126492850988,0.3333333333333333
60,20,0,0.41744072047342584,0.2903225806451613
60,20,0,0.41910245557299386,0.3333333333333333
60,20,0,0.42124430659150924,0.3333333333333333
60,20,0,0.3858932824240754,0.25
70,20,0,0.333739381698839,0.21212121212121213
70,20,0,0.34521181534805445,0.25
70,20,0,0.340839143360791,0.21212121212121213
70,20,0,0.34586125094039677,0.25
70,20,0,0.3608197802686217,0.25
70,20,0,0.3825202982139372,0.2903225806451613
70,20,0,0.36375995498784447,0.25
70,20,0,0.3593920964279598,0.25
70,20,0,0.3690106113494516,0.25
70,20,0,0.3223308890224488,0.21212121212121213
80,20,0,0.20185286109492667,0.1111111111111111
80,20,0,0.2559419616014412,0.17647058823529413
80,20,0,0.23515271077769057,0.14285714285714285
80,20,0,0.275901394952475,0.17647058823529413
80,20,0,0.23249364494242425,0.17647058823529413
80,20,0,0.1880299856069882,0.14285714285714285
80,20,0,0.23591363561352408,0.17647058823529413
80,20,0,0.22177303520546926,0.14285714285714285
80,20,0,0.25839025735415094,0.17647058823529413
80,20,0,0.25843584704819544,0.21212121212121213
90,20,0,0.05172287405525862,0.05263157894736842
90,20,0,0.021074426340422135,0.02564102564102564
90,20,0,0.022368916542339093,0.02564102564102564
90,20,0,0.022368916542339093,0.02564102564102564
90,20,0,0.07346126766237526,0.08108108108108109
90,20,0,0.05867116282844259,0.05263157894736842
90,20,0,0.029353957512919526,0.02564102564102564
90,20,0,0.0779095760763322,0.08108108108108109
90,20,0,0.03444548943939742,0.02564102564102564
90,20,0,0.075167300780166,0.08108108108108109
10,20,1,0.647322725684642,0.48148148148148145
10,20,1,0.6425917557838771,0.48148148148148145
10,20,1,0.6420114733582065,0.48148148148148145
10,20,1,0.6625047367486904,0.5384615384615384
10,20,1,0.6405636882639573,0.48148148148148145
10,20,1,0.643637056621925,0.48148148148148145
10,20,1,0.643637056621925,0.48148148148148145
10,20,1,0.646277424846594,0.48148148148148145
10,20,1,0.6661904058114073,0.5384615384615384
10,20,1,0.647322725684642,0.48148148148148145
20,20,1,0.623041886159944,0.42857142857142855
20,20,1,0.6392691980620404,0.48148148148148145
20,20,1,0.620650707299144,0.42857142857142855
20,20,1,0.6382238972239924,0.48148148148148145
20,20,1,0.6382238972239924,0.48148148148148145
20,20,1,0.619356217097227,0.42857142857142855
20,20,1,0.6419095662867094,0.48148148148148145
20,20,1,0.6419095662867094,0.48148148148148145
20,20,1,0.6425917557838771,0.48148148148148145
20,20,1,0.6407481209111006,0.48148148148148145
30,20,1,0.6139982238349472,0.42857142857142855
30,20,1,0.6162049700486039,0.42857142857142855
30,20,1,0.6360171510103356,0.48148148148148145
30,20,1,0.6181947717216182,0.42857142857142855
30,20,1,0.6370624518483836,0.48148148148148145
30,20,1,0.6339112047997605,0.48148148148148145
30,20,1,0.6370624518483836,0.48148148148148145
30,20,1,0.620650707299144,0.42857142857142855
30,20,1,0.6339112047997605,0.48148148148148145
30,20,1,0.619356217097227,0.42857142857142855
40,20,1,0.6100865512223345,0.42857142857142855
40,20,1,0.6066692594438684,0.42857142857142855
40,20,1,0.6150435246729952,0.42857142857142855
40,20,1,0.6150435246729952,0.42857142857142855
40,20,1,0.6171494708835702,0.42857142857142855
40,20,1,0.6091983842634829,0.42857142857142855
40,20,1,0.6118988145219632,0.42857142857142855
40,20,1,0.5930311343951977,0.3793103448275862
40,20,1,0.6118988145219632,0.42857142857142855
40,20,1,0.6098205064924914,0.42857142857142855
50,20,1,0.613977067120245,0.48148148148148145
50,20,1,0.6158104317033862,0.48148148148148145
50,20,1,0.6060260359313474,0.42857142857142855
50,20,1,0.5924424766567826,0.42857142857142855
50,20,1,0.6209231421061788,0.48148148148148145
50,20,1,0.6277436857842905,0.48148148148148145
50,20,1,0.5909528263657261,0.3793103448275862
50,20,1,0.5824419108880211,0.3793103448275862
50,20,1,0.5995831198012899,0.42857142857142855
50,20,1,0.6004887800550163,0.42857142857142855
60,20,1,0.5870325677181487,0.42857142857142855
60,20,1,0.5948984122343084,0.42857142857142855
60,20,1,0.572737277011392,0.3793103448275862
60,20,1,0.5882856498756194,0.42857142857142855
60,20,1,0.5924385028917134,0.42857142857142855
60,20,1,0.5843426314702436,0.3793103448275862
60,20,1,0.5998454653064581,0.42857142857142855
60,20,1,0.5752510272339619,0.3793103448275862
60,20,1,0.5967856176974243,0.42857142857142855
60,20,1,0.5598014453832951,0.3793103448275862
70,20,1,0.5553345296564404,0.3793103448275862
70,20,1,0.505609513776581,0.2903225806451613
70,20,1,0.6063615586456319,0.42857142857142855
70,20,1,0.584442846933706,0.42857142857142855
70,20,1,0.577917937570659,0.3793103448275862
70,20,1,0.576154568789858,0.3793103448275862
70,20,1,0.5817213153917133,0.42857142857142855
70,20,1,0.584442846933706,0.42857142857142855
70,20,1,0.512853635264948,0.3793103448275862
70,20,1,0.5711124226832718,0.3793103448275862
80,20,1,0.5221230376706987,0.3793103448275862
80,20,1,0.5734785364166124,0.42857142857142855
80,20,1,0.552033994010192,0.3793103448275862
80,20,1,0.4843277592590354,0.3333333333333333
80,20,1,0.5531447919455746,0.3793103448275862
80,20,1,0.4974446134921354,0.2903225806451613
80,20,1,0.4854374504755833,0.3333333333333333
80,20,1,0.5140821145432862,0.3333333333333333
80,20,1,0.5142563451879472,0.2903225806451613
80,20,1,0.5581872752419331,0.3793103448275862
90,20,1,0.2003701643126371,0.1111111111111111
90,20,1,0.36361160894524436,0.14285714285714285
90,20,1,0.20559616491161237,0.1111111111111111
90,20,1,0.2190699730329227,0.1111111111111111
90,20,1,0.20666212494978325,0.1111111111111111
90,20,1,0.4457044486281636,0.25
90,20,1,0.23176646079526064,0.1111111111111111
90,20,1,0.1862718733679491,0.1111111111111111
90,20,1,0.3373988198563085,0.14285714285714285
90,20,1,0.2604582841009005,0.14285714285714285
10,20,2,0.647322725684642,0.48148148148148145
10,20,2,0.6425917557838771,0.48148148148148145
10,20,2,0.6420114733582065,0.48148148148148145
10,20,2,0.6625047367486904,0.5384615384615384
10,20,2,0.6405636882639573,0.48148148148148145
10,20,2,0.643637056621925,0.48148148148148145
10,20,2,0.643637056621925,0.48148148148148145
10,20,2,0.646277424846594,0.48148148148148145
10,20,2,0.6661904058114073,0.5384615384615384
10,20,2,0.647322725684642,0.48148148148148145
20,20,2,0.623041886159944,0.42857142857142855
20,20,2,0.6392691980620404,0.48148148148148145
20,20,2,0.620650707299144,0.42857142857142855
20,20,2,0.6382238972239924,0.48148148148148145
20,20,2,0.6382238972239924,0.48148148148148145
20,20,2,0.619356217097227,0.42857142857142855
20,20,2,0.6419095662867094,0.48148148148148145
20,20,2,0.6419095662867094,0.48148148148148145
20,20,2,0.6425917557838771,0.48148148148148145
20,20,2,0.6407481209111006,0.48148148148148145
30,20,2,0.6139982238349472,0.42857142857142855
30,20,2,0.6162049700486039,0.42857142857142855
30,20,2,0.6360171510103356,0.48148148148148145
30,20,2,0.6181947717216182,0.42857142857142855
30,20,2,0.6370624518483836,0.48148148148148145
30,20,2,0.6339112047997605,0.48148148148148145
30,20,2,0.6370624518483836,0.48148148148148145
30,20,2,0.620650707299144,0.42857142857142855
30,20,2,0.6339112047997605,0.48148148148148145
30,20,2,0.619356217097227,0.42857142857142855
40,20,2,0.6100865512223345,0.42857142857142855
40,20,2,0.6066692594438684,0.42857142857142855
40,20,2,0.6150435246729952,0.42857142857142855
40,20,2,0.6150435246729952,0.42857142857142855
40,20,2,0.6171494708835702,0.42857142857142855
40,20,2,0.6091983842634829,0.42857142857142855
40,20,2,0.6118988145219632,0.42857142857142855
40,20,2,0.5930311343951977,0.3793103448275862
40,20,2,0.6118988145219632,0.42857142857142855
40,20,2,0.6098205064924914,0.42857142857142855
50,20,2,0.613977067120245,0.48148148148148145
50,20,2,0.6158104317033862,0.48148148148148145
50,20,2,0.6060260359313474,0.42857142857142855
50,20,2,0.5924424766567826,0.42857142857142855
50,20,2,0.6209231421061788,0.48148148148148145
50,20,2,0.6277436857842905,0.48148148148148145
50,20,2,0.5909528263657261,0.3793103448275862
50,20,2,0.5824419108880211,0.3793103448275862
50,20,2,0.5995831198012899,0.42857142857142855
50,20,2,0.6004887800550163,0.42857142857142855
60,20,2,0.5870325677181487,0.42857142857142855
60,20,2,0.5948984122343084,0.42857142857142855
60,20,2,0.572737277011392,0.3793103448275862
60,20,2,0.5882856498756194,0.42857142857142855
60,20,2,0.5924385028917134,0.42857142857142855
60,20,2,0.5843426314702436,0.3793103448275862
60,20,2,0.5998454653064581,0.42857142857142855
60,20,2,0.5752510272339619,0.3793103448275862
60,20,2,0.5967856176974243,0.42857142857142855
60,20,2,0.5897540992601413,0.42857142857142855
70,20,2,0.5771222832488411,0.42857142857142855
70,20,2,0.5448215632386846,0.3333333333333333
70,20,2,0.6074068594836799,0.42857142857142855
70,20,2,0.584442846933706,0.42857142857142855
70,20,2,0.577917937570659,0.3793103448275862
70,20,2,0.5796135166367176,0.3793103448275862
70,20,2,0.5843921994934796,0.42857142857142855
70,20,2,0.584442846933706,0.42857142857142855
70,20,2,0.512853635264948,0.3793103448275862
70,20,2,0.5711124226832718,0.3793103448275862
80,20,2,0.5221230376706987,0.3793103448275862
80,20,2,0.5812409524448566,0.42857142857142855
80,20,2,0.5542407402238488,0.3793103448275862
80,20,2,0.5075632979456854,0.3793103448275862
80,20,2,0.5723806816943278,0.3793103448275862
80,20,2,0.5470032443248819,0.3793103448275862
80,20,2,0.5085399443359252,0.3793103448275862
80,20,2,0.5151274153813341,0.3333333333333333
80,20,2,0.5219418358435677,0.2903225806451613
80,20,2,0.5581872752419331,0.3793103448275862
90,20,2,0.3180205388504241,0.17647058823529413
90,20,2,0.40459901625047967,0.21212121212121213
90,20,2,0.45474738260552405,0.25
90,20,2,0.4247631260402951,0.25
90,20,2,0.43952205223774354,0.25
90,20,2,0.46999488681682067,0.25
90,20,2,0.3604644567738924,0.25
90,20,2,0.32685540742442765,0.17647058823529413
90,20,2,0.43612798379217393,0.2903225806451613
90,20,2,0.2620838673646189,0.14285714285714285
10,20,3,0.647322725684642,0.48148148148148145
10,20,3,0.6425917557838771,0.48148148148148145
10,20,3,0.6420114733582065,0.48148148148148145
10,20,3,0.6625047367486904,0.5384615384615384
10,20,3,0.6405636882639573,0.48148148148148145
10,20,3,0.643637056621925,0.48148148148148145
10,20,3,0.643637056621925,0.48148148148148145
10,20,3,0.646277424846594,0.48148148148148145
10,20,3,0.6661904058114073,0.5384615384615384
10,20,3,0.647322725684642,0.48148148148148145
20,20,3,0.623041886159944,0.42857142857142855
20,20,3,0.6392691980620404,0.48148148148148145
20,20,3,0.620650707299144,0.42857142857142855
20,20,3,0.6382238972239924,0.48148148148148145
20,20,3,0.6382238972239924,0.48148148148148145
20,20,3,0.619356217097227,0.42857142857142855
20,20,3,0.6419095662867094,0.48148148148148145
20,20,3,0.6419095662867094,0.48148148148148145
20,20,3,0.6425917557838771,0.48148148148148145
20,20,3,0.6407481209111006,0.48148148148148145
30,20,3,0.6139982238349472,0.42857142857142855
30,20,3,0.6162049700486039,0.42857142857142855
30,20,3,0.6360171510103356,0.48148148148148145
30,20,3,0.6181947717216182,0.42857142857142855
30,20,3,0.6370624518483836,0.48148148148148145
30,20,3,0.6339112047997605,0.48148148148148145
30,20,3,0.6370624518483836,0.48148148148148145
30,20,3,0.620650707299144,0.42857142857142855
30,20,3,0.6339112047997605,0.48148148148148145
30,20,3,0.619356217097227,0.42857142857142855
40,20,3,0.6100865512223345,0.42857142857142855
40,20,3,0.6066692594438684,0.42857142857142855
40,20,3,0.6150435246729952,0.42857142857142855
40,20,3,0.6150435246729952,0.42857142857142855
40,20,3,0.6171494708835702,0.42857142857142855
40,20,3,0.6091983842634829,0.42857142857142855
40,20,3,0.6118988145219632,0.42857142857142855
40,20,3,0.5930311343951977,0.3793103448275862
40,20,3,0.6118988145219632,0.42857142857142855
40,20,3,0.6098205064924914,0.42857142857142855
50,20,3,0.613977067120245,0.48148148148148145
50,20,3,0.6158104317033862,0.48148148148148145
50,20,3,0.6060260359313474,0.42857142857142855
50,20,3,0.5924424766567826,0.42857142857142855
50,20,3,0.6209231421061788,0.48148148148148145
50,20,3,0.6277436857842905,0.48148148148148145
50,20,3,0.5909528263657261,0.3793103448275862
50,20,3,0.5824419108880211,0.3793103448275862
50,20,3,0.5995831198012899,0.42857142857142855
50,20,3,0.6004887800550163,0.42857142857142855
60,20,3,0.5870325677181487,0.42857142857142855
60,20,3,0.5948984122343084,0.42857142857142855
60,20,3,0.572737277011392,0.3793103448275862
60,20,3,0.5882856498756194,0.42857142857142855
60,20,3,0.5924385028917134,0.42857142857142855
60,20,3,0.5843426314702436,0.3793103448275862
60,20,3,0.5998454653064581,0.42857142857142855
60,20,3,0.5752510272339619,0.3793103448275862
60,20,3,0.5967856176974243,0.42857142857142855
60,20,3,0.5897540992601413,0.42857142857142855
70,20,3,0.5771222832488411,0.42857142857142855
70,20,3,0.5448215632386846,0.3333333333333333
70,20,3,0.6074068594836799,0.42857142857142855
70,20,3,0.584442846933706,0.42857142857142855
70,20,3,0.577917937570659,0.3793103448275862
70,20,3,0.5796135166367176,0.3793103448275862
70,20,3,0.5843921994934796,0.42857142857142855
70,20,3,0.584442846933706,0.42857142857142855
70,20,3,0.512853635264948,0.3793103448275862
70,20,3,0.5711124226832718,0.3793103448275862
80,20,3,0.5221230376706987,0.3793103448275862
80,20,3,0.5812409524448566,0.42857142857142855
80,20,3,0.5764519302459367,0.3793103448275862
80,20,3,0.512067546630593,0.3793103448275862
80,20,3,0.5723806816943278,0.3793103448275862
80,20,3,0.5470032443248819,0.3793103448275862
80,20,3,0.51087973537589,0.3793103448275862
80,20,3,0.5572093022840278,0.3793103448275862
80,20,3,0.5750290018598347,0.3793103448275862
80,20,3,0.5694561273340017,0.3793103448275862
90,20,3,0.42207657266051385,0.2903225806451613
90,20,3,0.4684828847242192,0.2903225806451613
90,20,3,0.4922384506776057,0.2903225806451613
90,20,3,0.4994295450538848,0.2903225806451613
90,20,3,0.4952885982509875,0.3333333333333333
90,20,3,0.5109822941220561,0.3333333333333333
90,20,3,0.4229973889203247,0.25
90,20,3,0.3854813857029694,0.25
90,20,3,0.43612798379217393,0.2903225806451613
90,20,3,0.3746286153766125,0.25
10,5,0,0.5251797916666665,0.42857142857142855
10,5,0,0.5251797916666665,0.42857142857142855
10,5,0,0.5251797916666665,0.42857142857142855
10,5,0,0.5251797916666665,0.42857142857142855
10,5,0,0.5251797916666665,0.42857142857142855
10,5,0,0.5251797916666665,0.42857142857142855
10,5,0,0.5251797916666665,0.42857142857142855
10,5,0,0.5251797916666665,0.42857142857142855
10,5,0,0.5251797916666665,0.42857142857142855
10,5,0,0.5251797916666665,0.42857142857142855
20,5,0,0.5251797916666665,0.42857142857142855
20,5,0,0.5251797916666665,0.42857142857142855
20,5,0,0.5251797916666665,0.42857142857142855
20,5,0,0.5251797916666665,0.42857142857142855
20,5,0,0.5251797916666665,0.42857142857142855
20,5,0,0.5251797916666665,0.42857142857142855
20,5,0,0.5251797916666665,0.42857142857142855
20,5,0,0.5251797916666665,0.42857142857142855
20,5,0,0.5251797916666665,0.42857142857142855
20,5,0,0.5251797916666665,0.42857142857142855
30,5,0,0.3622785416666667,0.25
30,5,0,0.3622785416666667,0.25
30,5,0,0.3622785416666667,0.25
30,5,0,0.3622785416666667,0.25
30,5,0,0.3515613541666667,0.25
30,5,0,0.3622785416666667,0.25
30,5,0,0.3622785416666667,0.25
30,5,0,0.3622785416666667,0.25
30,5,0,0.3622785416666667,0.25
30,5,0,0.5251797916666665,0.42857142857142855
40,5,0,0.18866010416666668,0.1111111111111111
40,5,0,0.18866010416666668,0.1111111111111111
40,5,0,0.18866010416666668,0.1111111111111111
40,5,0,0.18866010416666668,0.1111111111111111
40,5,0,0.18866010416666668,0.1111111111111111
40,5,0,0.18866010416666668,0.1111111111111111
40,5,0,0.18866010416666668,0.1111111111111111
40,5,0,0.18866010416666668,0.1111111111111111
40,5,0,0.18866010416666668,0.1111111111111111
40,5,0,0.18866010416666668,0.1111111111111111
50,5,0,0.1736184375,0.1111111111111111
50,5,0,0.1736184375,0.1111111111111111
50,5,0,0.1736184375,0.1111111111111111
50,5,0,0.1736184375,0.1111111111111111
50,5,0,0.1736184375,0.1111111111111111
50,5,0,0.1736184375,0.1111111111111111
50,5,0,0.1736184375,0.1111111111111111
50,5,0,0.1736184375,0.1111111111111111
50,5,0,0.1736184375,0.1111111111111111
50,5,0,0.1736184375,0.1111111111111111
60,5,0,0.0,0.0
60,5,0,0.0,0.0
60,5,0,0.0,0.0
60,5,0,0.0,0.0
60,5,0,0.0,0.0
60,5,0,0.0,0.0
60,5,0,0.0,0.0
60,5,0,0.0,0.0
60,5,0,0.0,0.0
60,5,0,0.0,0.0
70,5,0,0.0,0.0
70,5,0,0.0,0.0
70,5,0,0.0,0.0
70,5,0,0.0,0.0
70,5,0,0.0,0.0
70,5,0,0.0,0.0
70,5,0,0.0,0.0
70,5,0,0.0,0.0
70,5,0,0.0,0.0
70,5,0,0.0,0.0
80,5,0,0.0,0.0
80,5,0,0.0,0.0
80,5,0,0.0,0.0
80,5,0,0.0,0.0
80,5,0,0.16290124999999997,0.1111111111111111
80,5,0,0.0,0.0
80,5,0,0.0,0.0
80,5,0,0.0,0.0
80,5,0,0.0,0.0
80,5,0,0.0,0.0
90,5,0,0.0,0.0
90,5,0,0.0,0.0
90,5,0,0.0,0.0
90,5,0,0.0,0.0
90,5,0,0.0,0.0
90,5,0,0.0,0.0
90,5,0,0.0,0.0
90,5,0,0.0,0.0
90,5,0,0.0,0.0
90,5,0,0.0,0.0
10,5,1,0.5251797916666665,0.42857142857142855
10,5,1,0.5251797916666665,0.42857142857142855
10,5,1,0.5251797916666665,0.42857142857142855
10,5,1,0.5251797916666665,0.42857142857142855
10,5,1,0.5251797916666665,0.42857142857142855
10,5,1,0.5251797916666665,0.42857142857142855
10,5,1,0.5251797916666665,0.42857142857142855
10,5,1,0.5251797916666665,0.42857142857142855
10,5,1,0.5251797916666665,0.42857142857142855
10,5,1,0.5251797916666665,0.42857142857142855
20,5,1,0.5251797916666665,0.42857142857142855
20,5,1,0.5251797916666665,0.42857142857142855
20,5,1,0.5251797916666665,0.42857142857142855
20,5,1,0.5251797916666665,0.42857142857142855
20,5,1,0.5251797916666665,0.42857142857142855
20,5,1,0.5251797916666665,0.42857142857142855
20,5,1,0.5251797916666665,0.42857142857142855
20,5,1,0.5251797916666665,0.42857142857142855
20,5,1,0.5251797916666665,0.42857142857142855
20,5,1,0.5251797916666665,0.42857142857142855
30,5,1,0.5251797916666665,0.42857142857142855
30,5,1,0.5251797916666665,0.42857142857142855
30,5,1,0.5251797916666665,0.42857142857142855
30,5,1,0.5251797916666665,0.42857142857142855
30,5,1,0.5251797916666665,0.42857142857142855
30,5,1,0.5251797916666665,0.42857142857142855
30,5,1,0.5251797916666665,0.42857142857142855
30,5,1,0.5251797916666665,0.42857142857142855
30,5,1,0.5251797916666665,0.42857142857142855
30,5,1,0.5251797916666665,0.42857142857142855
40,5,1,0.5251797916666665,0.42857142857142855
40,5,1,0.5251797916666665,0.42857142857142855
40,5,1,0.5251797916666665,0.42857142857142855
40,5,1,0.5251797916666665,0.42857142857142855
40,5,1,0.3515613541666667,0.25
40,5,1,0.3515613541666667,0.25
40,5,1,0.3515613541666667,0.25
40,5,1,0.3515613541666667,0.25
40,5,1,0.5251797916666665,0.42857142857142855
40,5,1,0.5251797916666665,0.42857142857142855
50,5,1,0.3515613541666667,0.25
50,5,1,0.18866010416666668,0.1111111111111111
50,5,1,0.3515613541666667,0.25
50,5,1,0.3515613541666667,0.25
50,5,1,0.3622785416666667,0.25
50,5,1,0.18866010416666668,0.1111111111111111
50,5,1,0.3515613541666667,0.25
50,5,1,0.3622785416666667,0.25
50,5,1,0.3515613541666667,0.25
50,5,1,0.18866010416666668,0.1111111111111111
60,5,1,0.18866010416666668,0.1111111111111111
60,5,1,0.16290124999999997,0.1111111111111111
60,5,1,0.16290124999999997,0.1111111111111111
60,5,1,0.18866010416666668,0.1111111111111111
60,5,1,0.16290124999999997,0.1111111111111111
60,5,1,0.3515613541666667,0.25
60,5,1,0.16290124999999997,0.1111111111111111
60,5,1,0.3515613541666667,0.25
60,5,1,0.16290124999999997,0.1111111111111111
60,5,1,0.18866010416666668,0.1111111111111111
70,5,1,0.1736184375,0.1111111111111111
70,5,1,0.0,0.0
70,5,1,0.16290124999999997,0.1111111111111111
70,5,1,0.1736184375,0.1111111111111111
70,5,1,0.1736184375,0.1111111111111111
70,5,1,0.1736184375,0.1111111111111111
70,5,1,0.1736184375,0.1111111111111111
70,5,1,0.1736184375,0.1111111111111111
70,5,1,0.18866010416666668,0.1111111111111111
70,5,1,0.1736184375,0.1111111111111111
80,5,1,0.0,0.0
80,5,1,0.0,0.0
80,5,1,0.0,0.0
80,5,1,0.0,0.0
80,5,1,0.0,0.0
80,5,1,0.0,0.0
80,5,1,0.0,0.0
80,5,1,0.0,0.0
80,5,1,0.0,0.0
80,5,1,0.0,0.0
90,5,1,0.0,0.0
90,5,1,0.0,0.0
90,5,1,0.0,0.0
90,5,1,0.0,0.0
90,5,1,0.0,0.0
90,5,1,0.0,0.0
90,5,1,0.0,0.0
90,5,1,0.0,0.0
90,5,1,0.0,0.0
90,5,1,0.0,0.0
10,5,2,0.5251797916666665,0.42857142857142855
10,5,2,0.5251797916666665,0.42857142857142855
10,5,2,0.5251797916666665,0.42857142857142855
10,5,2,0.5251797916666665,0.42857142857142855
10,5,2,0.5251797916666665,0.42857142857142855
10,5,2,0.5251797916666665,0.42857142857142855
10,5,2,0.5251797916666665,0.42857142857142855
10,5,2,0.5251797916666665,0.42857142857142855
10,5,2,0.5251797916666665,0.42857142857142855
10,5,2,0.5251797916666665,0.42857142857142855
20,5,2,0.5251797916666665,0.42857142857142855
20,5,2,0.5251797916666665,0.42857142857142855
20,5,2,0.5251797916666665,0.42857142857142855
20,5,2,0.5251797916666665,0.42857142857142855
20,5,2,0.5251797916666665,0.42857142857142855
20,5,2,0.5251797916666665,0.42857142857142855
20,5,2,0.5251797916666665,0.42857142857142855
20,5,2,0.5251797916666665,0.42857142857142855
20,5,2,0.5251797916666665,0.42857142857142855
20,5,2,0.5251797916666665,0.42857142857142855
30,5,2,0.5251797916666665,0.42857142857142855
30,5,2,0.5251797916666665,0.42857142857142855
30,5,2,0.5251797916666665,0.42857142857142855
30,5,2,0.5251797916666665,0.42857142857142855
30,5,2,0.5251797916666665,0.42857142857142855
30,5,2,0.5251797916666665,0.42857142857142855
30,5,2,0.5251797916666665,0.42857142857142855
30,5,2,0.5251797916666665,0.42857142857142855
30,5,2,0.5251797916666665,0.42857142857142855
30,5,2,0.5251797916666665,0.42857142857142855
40,5,2,0.5251797916666665,0.42857142857142855
40,5,2,0.5251797916666665,0.42857142857142855
40,5,2,0.5251797916666665,0.42857142857142855
40,5,2,0.5251797916666665,0.42857142857142855
40,5,2,0.5251797916666665,0.42857142857142855
40,5,2,0.5251797916666665,0.42857142857142855
40,5,2,0.5251797916666665,0.42857142857142855
40,5,2,0.5251797916666665,0.42857142857142855
40,5,2,0.5251797916666665,0.42857142857142855
40,5,2,0.5251797916666665,0.42857142857142855
50,5,2,0.5251797916666665,0.42857142857142855
50,5,2,0.5251797916666665,0.42857142857142855
50,5,2,0.5251797916666665,0.42857142857142855
50,5,2,0.5144626041666666,0.42857142857142855
50,5,2,0.5251797916666665,0.42857142857142855
50,5,2,0.5251797916666665,0.42857142857142855
50,5,2,0.5251797916666665,0.42857142857142855
50,5,2,0.5251797916666665,0.42857142857142855
50,5,2,0.5251797916666665,0.42857142857142855
50,5,2,0.5251797916666665,0.42857142857142855
60,5,2,0.5144626041666666,0.42857142857142855
60,5,2,0.5144626041666666,0.42857142857142855
60,5,2,0.5144626041666666,0.42857142857142855
60,5,2,0.5144626041666666,0.42857142857142855
60,5,2,0.5251797916666665,0.42857142857142855
60,5,2,0.5251797916666665,0.42857142857142855
60,5,2,0.5251797916666665,0.42857142857142855
60,5,2,0.5144626041666666,0.42857142857142855
60,5,2,0.5251797916666665,0.42857142857142855
60,5,2,0.5144626041666666,0.42857142857142855
70,5,2,0.3515613541666667,0.25
70,5,2,0.3515613541666667,0.25
70,5,2,0.3515613541666667,0.25
70,5,2,0.3515613541666667,0.25
70,5,2,0.5251797916666665,0.42857142857142855
70,5,2,0.3515613541666667,0.25
70,5,2,0.3515613541666667,0.25
70,5,2,0.3515613541666667,0.25
70,5,2,0.3515613541666667,0.25
70,5,2,0.3515613541666667,0.25
80,5,2,0.18866010416666668,0.1111111111111111
80,5,2,0.0,0.0
80,5,2,0.18866010416666668,0.1111111111111111
80,5,2,0.18866010416666668,0.1111111111111111
80,5,2,0.1736184375,0.1111111111111111
80,5,2,0.0,0.0
80,5,2,0.1736184375,0.1111111111111111
80,5,2,0.16290124999999997,0.1111111111111111
80,5,2,0.1736184375,0.1111111111111111
80,5,2,0.16290124999999997,0.1111111111111111
90,5,2,0.0,0.0
90,5,2,0.0,0.0
90,5,2,0.0,0.0
90,5,2,0.0,0.0
90,5,2,0.0,0.0
90,5,2,0.0,0.0
90,5,2,0.0,0.0
90,5,2,0.0,0.0
90,5,2,0.0,0.0
90,5,2,0.0,0.0
10,5,3,0.5251797916666665,0.42857142857142855
10,5,3,0.5251797916666665,0.42857142857142855
10,5,3,0.5251797916666665,0.42857142857142855
10,5,3,0.5251797916666665,0.42857142857142855
10,5,3,0.5251797916666665,0.42857142857142855
10,5,3,0.5251797916666665,0.42857142857142855
10,5,3,0.5251797916666665,0.42857142857142855
10,5,3,0.5251797916666665,0.42857142857142855
10,5,3,0.5251797916666665,0.42857142857142855
10,5,3,0.5251797916666665,0.42857142857142855
20,5,3,0.5251797916666665,0.42857142857142855
20,5,3,0.5251797916666665,0.42857142857142855
20,5,3,0.5251797916666665,0.42857142857142855
20,5,3,0.5251797916666665,0.42857142857142855
20,5,3,0.5251797916666665,0.42857142857142855
20,5,3,0.5251797916666665,0.42857142857142855
20,5,3,0.5251797916666665,0.42857142857142855
20,5,3,0.5251797916666665,0.42857142857142855
20,5,3,0.5251797916666665,0.42857142857142855
20,5,3,0.5251797916666665,0.42857142857142855
30,5,3,0.5251797916666665,0.42857142857142855
30,5,3,0.5251797916666665,0.42857142857142855
30,5,3,0.5251797916666665,0.42857142857142855
30,5,3,0.5251797916666665,0.42857142857142855
30,5,3,0.5251797916666665,0.42857142857142855
30,5,3,0.5251797916666665,0.42857142857142855
30,5,3,0.5251797916666665,0.42857142857142855
30,5,3,0.5251797916666665,0.42857142857142855
30,5,3,0.5251797916666665,0.42857142857142855
30,5,3,0.5251797916666665,0.42857142857142855
40,5,3,0.5251797916666665,0.42857142857142855
40,5,3,0.5251797916666665,0.42857142857142855
40,5,3,0.5251797916666665,0.42857142857142855
40,5,3,0.5251797916666665,0.42857142857142855
40,5,3,0.5251797916666665,0.42857142857142855
40,5,3,0.5251797916666665,0.42857142857142855
40,5,3,0.5251797916666665,0.42857142857142855
40,5,3,0.5251797916666665,0.42857142857142855
40,5,3,0.5251797916666665,0.42857142857142855
40,5,3,0.5251797916666665,0.42857142857142855
50,5,3,0.5251797916666665,0.42857142857142855
50,5,3,0.5251797916666665,0.42857142857142855
50,5,3,0.5251797916666665,0.42857142857142855
50,5,3,0.5144626041666666,0.42857142857142855
50,5,3,0.5251797916666665,0.42857142857142855
50,5,3,0.5251797916666665,0.42857142857142855
50,5,3,0.5251797916666665,0.42857142857142855
50,5,3,0.5251797916666665,0.42857142857142855
50,5,3,0.5251797916666665,0.42857142857142855
50,5,3,0.5251797916666665,0.42857142857142855
60,5,3,0.5144626041666666,0.42857142857142855
60,5,3,0.5144626041666666,0.42857142857142855
60,5,3,0.5144626041666666,0.42857142857142855
60,5,3,0.5144626041666666,0.42857142857142855
60,5,3,0.5251797916666665,0.42857142857142855
60,5,3,0.5251797916666665,0.42857142857142855
60,5,3,0.5251797916666665,0.42857142857142855
60,5,3,0.5144626041666666,0.42857142857142855
60,5,3,0.5251797916666665,0.42857142857142855
60,5,3,0.5144626041666666,0.42857142857142855
70,5,3,0.3515613541666667,0.25
70,5,3,0.3515613541666667,0.25
70,5,3,0.5144626041666666,0.42857142857142855
70,5,3,0.3515613541666667,0.25
70,5,3,0.5251797916666665,0.42857142857142855
70,5,3,0.3515613541666667,0.25
70,5,3,0.3515613541666667,0.25
70,5,3,0.3515613541666667,0.25
70,5,3,0.3515613541666667,0.25
70,5,3,0.3515613541666667,0.25
80,5,3,0.18866010416666668,0.1111111111111111
80,5,3,0.3365196875,0.25
80,5,3,0.18866010416666668,0.1111111111111111
80,5,3,0.3515613541666667,0.25
80,5,3,0.1736184375,0.1111111111111111
80,5,3,0.0,0.0
80,5,3,0.1736184375,0.1111111111111111
80,5,3,0.3365196875,0.25
80,5,3,0.18866010416666668,0.1111111111111111
80,5,3,0.1736184375,0.1111111111111111
90,5,3,0.0,0.0
90,5,3,0.0,0.0
90,5,3,0.0,0.0
90,5,3,0.0,0.0
90,5,3,0.0,0.0
90,5,3,0.0,0.0
90,5,3,0.0,0.0
90,5,3,0.0,0.0
90,5,3,0.0,0.0
90,5,3,0.0,0.0
